ID,URL,Code
1,/cat/our-place-always-pan-cast-aluminium-and-ceramic-cooking-pan-546cm_R03868284/,R03868284
2,/cat/tory-van-thompson-upcycled-dickies-874-slim-fit-straight-leg-twill-trousers_R03775300/,R03775300
3,/cat/bottega-veneta-bv-whirl-leather-clutch_R03657932/,R03657932
4,/cat/bottega-veneta-intrecciato-leather-tote-bag_R03626460/,R03626460
5,/cat/gucci-brand-pattern-padded-shoulder-cotton-blend-blazer_R03712730/,R03712730
6,/cat/kylie-by-kylie-jenner-matte-lip-kit_R03807153/,R03807153
7,/cat/kylie-by-kylie-jenner-pressed-blush-powder-10g_R03807143/,R03807143
8,/cat/kylie-by-kylie-jenner-kylighter-illuminating-powder-8g_R03807150/,R03807150
9,/cat/kylie-by-kylie-jenner-kyliner-gel-pencil-425g_R03807148/,R03807148
10,/cat/kylie-by-kylie-jenner-matte-liquid-lipstick-3ml_R03807154/,R03807154
11,/cat/kylie-by-kylie-jenner-high-gloss-lip-gloss-33ml_R03807151/,R03807151
12,/cat/kylie-by-kylie-jenner-pressed-bronzing-powder-10g_R03807144/,R03807144
13,/cat/milk-makeup-mini-highlighter-6g_R03652471/,R03652471
14,/cat/milk-makeup-blur-stick-matte-blurring-primer-28g_R03652440/,R03652440
15,/cat/jacquemus-le-double-contrast-panel-cotton-jersey-t-shirt_R03781604/,R03781604
16,/cat/paul-smith-collared-merino-wool-cardigan_R03805965/,R03805965
17,/cat/falke-tiago-cotton-blend-knitted-crew-socks_R03802058/,R03802058
18,/cat/jacquemus-le-pitchou-leather-cross-body-coin-purse_R03799882/,R03799882
19,/cat/dries-van-noten-geometric-pattern-relaxed-fit-wool-jumper_R03791915/,R03791915
20,,R03763176
21,/cat/jw-anderson-brand-print-straight-cotton-trousers_R03770151/,R03770151
22,/cat/homme-plisse-issey-miyake-pleated-relaxed-fit-woven-jacket_R03800181/,R03800181
23,/cat/dries-van-noten-graphic-print-relaxed-fit-cotton-and-silk-shirt_R03791896/,R03791896
24,/cat/moncler-vignemale-padded-shell-down-jacket_R03627398/,R03627398
25,/cat/nanushka-milo-graphic-print-knitted-cardigan_R03784321/,R03784321
26,/cat/casablanca-grand-prix-graphic-knit-cotton-jumper_R03778913/,R03778913
27,/cat/off-white-c-o-virgil-abloh-logo-embroidered-knitted-jumper_R03803696/,R03803696
28,/cat/a-bathing-ape-ape-head-crewneck-knitted-jumper_R03717583/,R03717583
29,/cat/gucci-diamond-patterned-cotton-knit-vest_R03765521/,R03765521
30,/cat/endless-joy-graphic-knit-belted-wool-cardigan_R03823547/,R03823547
31,/cat/dries-van-noten-graphic-print-relaxed-fit-cotton-shirt_R03791897/,R03791897
32,,R03800170
33,/cat/jw-anderson-patchwork-high-rise-slim-cotton-trousers_R03770152/,R03770152
34,/cat/paul-smith-turtleneck-fine-purl-knit-cashmere-jumper_R03805967/,R03805967
35,/cat/bentgablenits-upcycled-carnival-hand-dyed-cotton-hoody_R03803345/,R03803345
36,/cat/palm-angels-classic-logo-print-woven-jogging-bottoms_R03792229/,R03792229
37,/cat/patagonia-synch-snap-t-abstract-print-recycled-polyester-jumper_R03804764/,R03804764
38,/cat/off-white-c-o-virgil-abloh-active-logo-print-jersey-jogging-bottoms_R03769680/,R03769680
39,,R03726468
40,/cat/private-policy-high-neck-shell-windbreaker-jacket_R03823647/,R03823647
41,/cat/bottega-veneta-high-neck-relaxed-fit-shearling-bomber-jacket_R03771960/,R03771960
42,/cat/canada-goose-crofton-padded-recycled-nylon-jacket_R03800038/,R03800038
43,/cat/gucci-cat-embroidered-shell-jacket_R03765528/,R03765528
44,/cat/rick-owens-flight-padded-shell-down-jacket_R03776291/,R03776291
45,/cat/loewe-loewe-x-joe-brainard-pansies-floral-print-fleece-jacket_R03770941/,R03770941
46,/cat/stone-island-brand-badge-padded-shell-down-hooded-puffer-jacket_R03789989/,R03789989
47,/cat/monica-vinader-doina-18ct-gold-vermeil-sterling-silver-necklace_R03659964/,R03659964
48,/cat/monica-vinader-doina-18ct-yellow-gold-vermeil-sterling-silver-pendant_R03659971/,R03659971
49,/cat/monica-vinader-doina-chain-cross-18ct-gold-vermeil-sterling-silver-ring_R03659978/,R03659978
50,/cat/monica-vinader-doina-18ct-gold-vermeil-sterling-silver-bracelet_R03659953/,R03659953
51,/cat/monica-vinader-alta-capture-18ct-gold-vermeil-sterling-silver-charm-bracelet_R03659951/,R03659951
52,/cat/monica-vinader-doina-18ct-yellow-gold-vermeil-huggie-earrings_R03659961/,R03659961
53,/cat/monica-vinader-doina-18ct-gold-vermeil-sterling-silver-and-green-onyx-pendant_R03659970/,R03659970
54,/cat/monica-vinader-doina-18ct-gold-vermeil-sterling-silver-necklace_R03659966/,R03659966
55,/cat/monica-vinader-doina-torc-18ct-gold-vermeil-sterling-silver-necklace_R03659965/,R03659965
56,/cat/monica-vinader-doina-18ct-yellow-gold-vermeil-earrings_R03659959/,R03659959
57,/cat/monica-vinader-fiji-bud-mini-18ct-gold-plated-sterling-silver-and-baroque-pearl-pendant_R00124436/,R00124436
58,/cat/monica-vinader-doina-18ct-yellow-gold-vermeil-sterling-silver-bracelet_R03659952/,R03659952
59,/cat/monica-vinader-doina-18ct-yellow-gold-vermeil-earrings_R03659960/,R03659960
60,/cat/moose-knuckles-denison-branded-cotton-jersey-sweatshirt_R03659535/,R03659535
61,/cat/moose-knuckles-reynolds-logo-embroidered-cotton-jersey-jogging-bottoms_R03659532/,R03659532
62,/cat/valentino-garavani-afterdusk-woven-suede-and-leather-mid-top-trainers_R03657251/,R03657251
63,/cat/moose-knuckles-trinity-quilted-cotton-blend-down-jacket_R03673311/,R03673311
64,/cat/hyun-mi-nielsen-eyelet-embellished-shell-midi-skirt_R03652675/,R03652675
65,/cat/alexander-mcqueen-hybrid-leather-ankle-boots_R00004151/,R00004151
66,/cat/eleventy-padded-shoulder-notch-lapel-wool-coat_R03680330/,R03680330
67,/cat/eleventy-cap-sleeved-stretch-woven-midi-dress_R03680316/,R03680316
68,/cat/eleventy-double-breasted-houndstooth-pattern-woven-coat_R03682048/,R03682048
69,/cat/eleventy-notch-lapel-cotton-and-cashmere-blend-corduroy-blazer_R03682058/,R03682058
70,/cat/eleventy-roll-neck-marled-camel-wool-jumper_R03627066/,R03627066
71,/cat/bottega-veneta-lug-combat-rubberised-chelsea-boots_R03668640/,R03668640
72,/cat/barbour-gold-standard-supa-hunting-waxed-cotton-jacket_R03668923/,R03668923
73,/cat/alexander-mcqueen-mens-tread-cotton-canvas-low-top-trainers_R03652266/,R03652266
74,/cat/moose-knuckles-trafford-branded-cotton-jersey-hoody_R03659533/,R03659533
75,/cat/eleventy-double-breasted-wool-blend-coat_R03627123/,R03627123
76,/cat/barbour-gold-standard-supa-border-waxed-cotton-jacket_R03668922/,R03668922
77,/cat/mackage-calina-quilted-shell-down-coat_R03658479/,R03658479
78,/cat/bottega-veneta-chain-embellished-cotton-blend-midi-dress_R02518211/,R02518211
79,/cat/canada-goose-alliston-padded-shell-down-jacket_R03656413/,R03656413
80,/cat/sacai-padded-high-waist-shell-midi-skirt_R02607911/,R02607911
81,/cat/alexander-mcqueen-tread-lace-up-leather-boots_R00064638/,R00064638
82,/cat/canada-goose-armstrong-hooded-shell-down-jacket_R03652608/,R03652608
83,/cat/a-cold-wall-overlay-tapered-shell-trousers_R03658719/,R03658719
84,,R03650386
85,/cat/stone-island-padded-nylon-down-jacket_R03635562/,R03635562
86,/cat/stone-island-brand-patch-crewneck-wool-blend-jumper_R03635545/,R03635545
87,/cat/stone-island-logo-patch-cotton-jersey-tracksuit-shorts_R03635553/,R03635553
88,/cat/under-armour-rush-stretch-woven-compression-leggings_R00132451/,R00132451
89,/cat/selfridges-x-pantherella-selfridges-organic-cotton-socks_R00039108/,R00039108
90,/cat/goldbergh-shorty-recycled-polyester-and-shell-down-jacket_R03669287/,R03669287
91,/cat/goldbergh-elizabeth-funnel-neck-stretch-woven-jumpsuit_R03669330/,R03669330
92,/cat/goldbergh-bold-ski-helmet_R03669319/,R03669319
93,/cat/kenzo-ribbed-knitted-jumper_R03637427/,R03637427
94,/cat/a-cold-wall-hooded-shell-jacket_R01773311/,R01773311
95,/cat/jw-anderson-henley-zipped-marled-merino-wool-jumper_R03634997/,R03634997
96,/cat/1017-alyx-9sm-straight-shell-trousers_R02045411/,R02045411
97,/cat/goldbergh-lily-houndstooth-print-high-rise-stretch-woven-trousers_R03669307/,R03669307
98,/cat/goldbergh-kate-houndstooth-print-woven-jacket_R03669306/,R03669306
99,/cat/peoples-republic-of-cashmere-turtleneck-cashmere-jumper_R03643397/,R03643397
100,/cat/alexander-mcqueen-hybrid-leather-ankle-boots_R00101081/,R00101081
101,/cat/cp-company-hooded-boxy-fit-shell-jacket_R03649223/,R03649223
102,/cat/cp-company-lens-detail-cotton-jersey-sweatshirt_R03649126/,R03649126
103,/cat/cp-company-ergonomic-fit-stretch-cotton-trousers_R03649120/,R03649120
104,/cat/ugg-neumel-suede-chukka-boots_R03666379/,R03666379
105,/cat/kenzo-quilted-tapered-shell-jogging-bottoms_R00426011/,R00426011
106,/cat/ugg-classic-ultra-mini-sheepskin-boots_R03663757/,R03663757
107,/cat/sacai-layered-cotton-and-wool-blend-coat_R02606111/,R02606111
108,/cat/rokh-logo-print-woven-top_R01149311/,R01149311
109,/cat/rick-owens-high-rise-crepe-midi-skirt_R03626138/,R03626138
110,/cat/cp-company-softshell-shell-down-jacket_R03649133/,R03649133
111,/cat/cp-company-outline-shell-down-puffer-jacket_R03649108/,R03649108
112,/cat/burberry-islington-cotton-twill-trench-coat_R03334511/,R03334511
113,/cat/givenchy-logo-print-double-breasted-cotton-blend-coat_R03624205/,R03624205
114,/cat/givenchy-brand-patterned-high-rise-cotton-blend-skirt_R03624206/,R03624206
115,/cat/givenchy-tie-dye-hooded-shell-jacket_R00605711/,R00605711
116,/cat/givenchy-logo-print-cotton-jersey-t-shirt_R03664478/,R03664478
117,/cat/givenchy-cargo-cotton-trousers_R00618311/,R00618311
118,/cat/prada-logo-applique-padded-recycled-nylon-and-down-jacket_R03661814/,R03661814
119,/cat/prada-logo-patch-skinny-recycled-nylon-trousers_R03661425/,R03661425
120,/cat/prada-monolith-recycled-nylon-gabardine-boots_R03661826/,R03661826
121,/cat/prada-logo-applique-recycled-nylon-jacket_R03661485/,R03661485
122,/cat/prada-buckle-detail-recycled-nylon-mini-skirt_R03661486/,R03661486
123,/cat/prada-logo-embossed-recycled-nylon-leather-and-wool-boots_R03661812/,R03661812
124,/cat/saks-potts-foxy-v-neck-shearling-trimmed-leather-coat_R03636823/,R03636823
125,/cat/saks-potts-fiesta-graphic-print-high-rise-woven-trousers_R00120455/,R00120455
126,/cat/saks-potts-shearling-trimmed-leather-coat_R03636824/,R03636824
127,/cat/hanging-ornament-selfridges-hamper-glass-christmas-decoration-8cm_R03627250/,R03627250
128,/cat/no-pise-la-grama-costamar-fringe-hem-crepe-midi-skirt_R03786537/,R03786537
129,/cat/wales-bonner-vision-panelled-high-waist-denim-midi-skirt_R03748211/,R03748211
130,/cat/acne-studios-jasmina-padded-shoulder-wool-blazer_R03785647/,R03785647
131,/cat/victoria-victoria-beckham-pleated-flared-leg-high-rise-cotton-twill-chino-trousers_R03784382/,R03784382
132,/cat/nanushka-tria-abstract-print-oversized-stretch-crepe-shirt_R03756397/,R03756397
133,/cat/balenciaga-faded-wide-leg-high-rise-cotton-jersey-trousers_R03780365/,R03780365
134,/cat/ganni-wide-leg-high-rise-recycled-polyester-blend-trousers_R03771643/,R03771643
135,/cat/prada-linea-rossa-logo-print-stainless-steel-water-bottle-500ml_R03661438/,R03661438
136,/cat/parley-for-the-oceans-parley-x-doug-aitken-ocean-recycled-plastic-tote-bag_R03633573/,R03633573
137,/cat/ganni-branded-recycled-polyester-cap_R03785671/,R03785671
138,/cat/ganni-logo-print-organic-cotton-jersey-t-shirt_R03800714/,R03800714
139,/cat/ganni-logo-print-recycled-polyester-cross-body-bag_R03785670/,R03785670
140,/cat/ganni-quilted-recycled-polyester-blanket_R03785672/,R03785672
141,/cat/ganni-graphic-print-stainless-steel-water-bottle_R03789163/,R03789163
142,/cat/ganni-logo-print-recycled-polyester-tote-bag_R03785669/,R03785669
143,/cat/ganni-branded-stainless-steel-and-bamboo-lunchbox_R03785667/,R03785667
144,/cat/grateful-dead-x-garden-centre-green-flower-graphic-print-organic-cotton-blend-hoody_R03804244/,R03804244
145,/cat/grateful-dead-x-garden-centre-graphic-print-relaxed-fit-organic-cotton-t-shirt_R03804238/,R03804238
146,/cat/grateful-dead-x-garden-centre-embroidered-sunflower-suede-leather-and-cotton-blend-gardening-gloves_R03804547/,R03804547
147,/cat/grateful-dead-x-garden-centre-tie-dye-graphic-print-organic-cotton-top_R03804251/,R03804251
148,/cat/grateful-dead-x-garden-centre-sunflower-print-woven-blanket_R03804239/,R03804239
149,/cat/grateful-dead-x-garden-centre-bear-flower-graphic-print-organic-cotton-t-shirt_R03804242/,R03804242
150,/cat/grateful-dead-x-garden-centre-bear-embroidered-organic-cotton-blend-baseball-cap_R03806024/,R03806024
151,/cat/hermes-rose-herms-silky-blush-6g_R03752945/,R03752945
152,/cat/hermes-rosy-lip-enhancer-6g_R03752946/,R03752946
153,/cat/gia-couture-gia-couture-x-pernille-teisbaek-tubular-leather-combat-boots_R03738761/,R03738761
154,/cat/attico-chain-detail-high-leg-swimsuit_R03755090/,R03755090
155,/cat/hunza-g-nile-square-neck-swimsuit_R03756661/,R03756661
156,/cat/myra-swim-willow-v-neck-bikini-top_R03760075/,R03760075
157,/cat/ganni-gingham-high-rise-recycled-polyamide-blend-bikini-bottoms_R03751643/,R03751643
158,/cat/ganni-gingham-halterneck-recycled-polyamide-blend-bikini-top_R03751642/,R03751642
159,/cat/hunza-g-helena-nile-square-neck-bikini-set_R03756660/,R03756660
160,/cat/zimmermann-cassia-strapless-swimsuit_R03767032/,R03767032
161,/cat/myra-swim-farrah-v-neck-swimsuit_R03760055/,R03760055
162,/cat/aya-muse-mila-cut-out-knitted-midi-dress_R03734187/,R03734187
163,/cat/acne-studios-button-up-silk-shirt_R03726186/,R03726186
164,/cat/charlotte-knowles-harley-graphic-pattern-swimsuit_R03697858/,R03697858
165,/cat/charlotte-knowles-perse-flared-high-rise-recycled-polyamide-blend-trousers_R03697860/,R03697860
166,/cat/khaite-eda-ribbed-cashmere-bralette_R03736332/,R03736332
167,/cat/khaite-scarlet-cashmere-cardigan_R03736334/,R03736334
168,/cat/marine-serre-moon-pattern-stretch-knit-jacquard-midi-dress_R03739104/,R03739104
169,/cat/gentle-monster-gentle-monster-x-marine-serre-visionizer-ii-acetate-goggle-sunglasses_R03751568/,R03751568
170,/cat/gentle-monster-gentle-monster-x-marine-serre-visionizer-i-02-1m-nylon-and-metal-goggle-sunglasses_R03751564/,R03751564
171,/cat/jw-anderson-asymmetric-straw-bucket-hat_R03768274/,R03768274
172,/cat/by-far-jack-kitten-heel-leather-sandals_R00101095/,R00101095
173,/cat/jacquemus-la-ceinture-ano-removable-pouch-leather-belt_R03713325/,R03713325
174,/cat/melissa-odabash-pareo-tasselled-cotton-blend-scarf_R03697911/,R03697911
175,/cat/prada-linea-rossa-ps-04vs-66-acetate-rectangle-frame-sunglasses_R00041141/,R00041141
176,/cat/hai-bamboo-small-recycled-silk-handbag_R03757766/,R03757766
177,/cat/rick-owens-sandy-fringe-hem-linen-blend-scarf_R03716009/,R03716009
178,/cat/nanushka-naiya-net-detail-vegan-leather-bag_R03717214/,R03717214
179,/cat/isle-of-paradise-light-self-tanning-drops-30ml_R03630346/,R03630346
180,/cat/laura-mercier-tinted-moisturiser-natural-skin-perfector-spf-30-50ml_R00013623/,R00013623
181,/cat/dior-dior-forever-natural-bronze-powder-9g_R03748648/,R03748648
182,/cat/susan-caplan-pre-loved-escada-22ct-gold-plated-brass-and-enamel-necklace_R03639348/,R03639348
183,/cat/resellfridges-pre-loved-gucci-super-mini-sylvie-leather-cross-body-bag_R03714791/,R03714791
184,/cat/jennifer-gibson-jewellery-pre-loved-henkel-grosse-gold-plated-and-glass-necklace_R03682440/,R03682440
185,,R03645622
186,/cat/jennifer-gibson-jewellery-pre-loved-star-gold-plated-and-glass-earrings_R03682439/,R03682439
187,,R03639350
188,/cat/barbour-re-loved-waxed-cotton-jacket_R03659591/,R03659591
189,/cat/susan-caplan-pre-loved-dior-22ct-gold-plated-bracelet_R03689322/,R03689322
190,/cat/pushbutton-upcycled-pushbutton-x-hyundai-re-style-patch-pocket-upcycled-shell-gilet_R03685355/,R03685355
191,,R03684981
192,/cat/nith-upcycled-tom-turtleneck-wool-blend-tabard_R03689992/,R03689992
193,/cat/rave-review-upcycled-sally-patchwork-upcycled-wool-coat_R03717183/,R03717183
194,/cat/rave-review-upcycled-lola-checked-upcycled-wool-coat_R03717181/,R03717181
195,/cat/rave-review-upcycled-totto-tartan-print-wool-scarf_R03717188/,R03717188
196,/cat/roop-upcycled-furoshiki-glitter-bag_R03717216/,R03717216
197,/cat/pinko-pinko-x-patrick-mcdowell-sequinned-cotton-jersey-t-shirt_R03720105/,R03720105
198,/cat/1-off-upcycled-contrast-pattern-woven-jacket_R03713390/,R03713390
199,/cat/christmas-marbled-ceramic-christmas-decoration-8cm_R03807365/,R03807365
200,/cat/christmas-selfridges-gift-bag-glass-christmas-decoration-8cm_R00080654/,R00080654
201,/cat/curio-marbled-glass-bauble-8cm_R03799337/,R03799337
202,/cat/christmas-star-print-cotton-gift-bag-13-5cm-x-16-75cm_R03788227/,R03788227
203,/cat/christmas-nutcracker-no-1-wrapping-paper-50cm-x-70cm-set-of-five_R03786702/,R03786702
204,/cat/christmas-christmas-dogs-wrapping-paper-50cm-x-70cm-set-of-five_R03786700/,R03786700
205,/cat/byredo-lipstick-3g_R03676482/,R03676482
206,/cat/x_R03676479/&cm_sp=feature-_-IntroducingByredoMakeupintroducingByredoMakeup-_-CT-BYREDOMAKEUPCOLOURSTICKINKUMATO-GB,R03676479
207,/cat/knwls-halcyon-printed-sleeveless-stretch-jersey-top_R03775390/,R03775390
208,/cat/16-arlington-erie-wide-leg-high-rise-velvet-trousers_R03765693/,R03765693
209,/cat/colville-flower-pattern-v-neck-knitted-tunic_R03759792/,R03759792
210,/cat/balenciaga-hourglass-checked-wool-coat_R03780368/,R03780368
211,/cat/colville-nordio-wide-leg-high-rise-cotton-and-linen-blend-trousers_R03759790/,R03759790
212,/cat/sportmax-dinar-belted-sing-breasted-wool-coat_R03789650/,R03789650
213,/cat/balenciaga-checked-fringe-trim-wool-blend-coat_R03789961/,R03789961
214,/cat/bottega-veneta-arco-small-shearling-tote-bag_R03783090/,R03783090
215,/cat/prada-medium-logo-plaque-recycled-nylon-backpack_R03661825/,R03661825
216,/cat/prada-hooded-recycled-polyamide-jacket_R03661833/,R03661833
217,/cat/prada-chain-embellished-leather-and-recycled-nylon-shoulder-bag_R03661441/,R03661441
218,/cat/prada-logo-plaque-recycled-nylon-washbag_R03661460/,R03661460
219,/cat/prada-zipped-mini-recycled-nylon-case_R03661448/,R03661448
220,/cat/prada-logo-print-stainless-steel-water-bottle-350ml_R03661436/,R03661436
221,/cat/prada-mini-leather-and-recycled-nylon-pouch_R03661458/,R03661458
222,/cat/prada-logo-recycled-nylon-baseball-cap_R03661517/,R03661517
223,/cat/prada-logo-recycled-nylon-bucket-hat_R03661516/,R03661516
224,/cat/prada-logo-patch-recycled-nylon-hooded-jacket_R03661819/,R03661819
225,/cat/prada-logo-patch-recycled-nylon-shoulder-bag_R03661956/,R03661956
226,/cat/prada-cassetta-wheel-recycled-nylon-gabardine-high-top-trainers_R03661408/,R03661408
227,/cat/prada-leather-and-recycled-nylon-backpack_R03661962/,R03661962
228,/cat/prada-zipped-large-recycled-nylon-and-leather-wallet_R03661452/,R03661452
229,/cat/prada-graphic-print-cotton-jersey-t-shirt_R03661496/,R03661496
230,/cat/prada-logo-print-regular-fit-recycled-nylon-shirt_R03661484/,R03661484
231,/cat/prada-logo-patch-high-waist-recycled-nylon-gabardine-mini-skirt_R03661488/,R03661488
232,/cat/prada-brand-plaque-short-sleeved-recycled-nylon-shirt_R03661434/,R03661434
233,/cat/prada-monolith-recycled-nylon-combat-boots_R03661813/,R03661813
234,/cat/prada-logo-plaque-regular-fit-recycled-nylon-shirt_R03661433/,R03661433
235,/cat/prada-hooded-recycled-nylon-jacket_R03661822/,R03661822
236,/cat/rapha-pro-team-shadow-shell-jacket_R03651778/,R03651778
237,/cat/rapha-classic-stretch-jersey-bib-shorts_R03651780/,R03651780
238,/cat/rapha-core-stretch-jersey-top_R03651775/,R03651775
239,/cat/rapha-core-brand-print-stretch-jersey-cycling-shorts_R03651781/,R03651781
240,/cat/rapha-core-bib-stretch-jersey-shorts_R03651776/,R03651776
241,/cat/rapha-pro-team-bib-ii-stretch-jersey-shorts_R03651783/,R03651783
242,/cat/rapha-commuter-reflective-stretch-jersey-t-shirt_R03651792/,R03651792
243,/cat/byronesque-pre-loved-byronesque-x-helmut-lang-leather-t-shirt_R03672127/,R03672127
244,/cat/byronesque-pre-loved-byronesque-x-helmut-lang-woven-midi-dress_R03672104/,R03672104
245,,R03645615
246,/cat/vestiaire-collective-pre-loved-chanel-gold-toned-metal-necklace_R03664832/,R03664832
247,,R03639341
248,/cat/resellfridges-pre-loved-chloe-aby-medium-leather-satchel_R03673867/,R03673867
249,/cat/resellfridges-pre-loved-loewe-heel-saddle-mini-leather-cross-body-bag_R03673736/,R03673736
250,/cat/resellfridges-pre-loved-chloe-nile-small-leather-cross-body-bag_R03673729/,R03673729
251,/cat/resellfridges-pre-loved-gucci-gg-marmont-velvet-belt-bag_R03673712/,R03673712
252,/cat/resellfridges-pre-loved-valentino-vring-leather-shoulder-bag_R03673812/,R03673812
253,/cat/resellfridges-pre-loved-hermes-parures-des-sables-silk-scarf_R03673702/,R03673702
254,/cat/tommy-hilfiger-tommy-hilfiger-x-romeo-hunte-leather-trunk-bag_R03819092/,R03819092
255,/cat/tommy-hilfiger-tommy-hilfiger-x-romeo-hunte-hybrid-wool-cap_R03819093/,R03819093
256,/cat/nude-glass-parrot-crystal-tumbler-set-of-two_R00066041/,R00066041
257,/cat/prada-pouch-embellished-leather-gloves_R03817242/,R03817242
258,/cat/prada-pin-striped-tapered-wool-trousers_R03779892/,R03779892
259,/cat/prada-brushed-laced-leather-derby-shoes_R03817244/,R03817244
260,/cat/prada-geometric-pattern-turtleneck-wool-sweatshirt_R03817250/,R03817250
261,/cat/prada-oversized-jacquard-knit-wool-cardigan_R03817256/,R03817256
262,/cat/prada-logo-embellished-re-nylon-and-leather-gloves_R03817241/,R03817241
263,/cat/prada-geometric-pattern-wool-and-cashmere-blend-jumper_R03779888/,R03779888
264,/cat/prada-geometric-pattern-v-neck-knitted-jumper_R03817247/,R03817247
265,/cat/prada-abstract-pattern-wool-and-cashmere-blend-jumper_R03817255/,R03817255
266,/cat/prada-geometric-pattern-wool-and-cashmere-blend-jumper_R03779889/,R03779889
267,/cat/prada-logo-print-turtleneck-wool-jumper_R03817251/,R03817251
268,/cat/prada-pinstriped-collared-corduroy-coat_R03817248/,R03817248
269,/cat/prada-single-breasted-pinstriped-wool-jacket_R03817249/,R03817249
270,/cat/prada-brand-plaque-recycled-nylon-hooded-jacket_R03779885/,R03779885
271,/cat/prada-brand-patch-recycled-nylon-hooded-trench-coat_R03779870/,R03779870
272,/cat/prada-brand-plaque-recycled-nylon-hooded-tracksuit-jacket_R03779884/,R03779884
273,/cat/prada-re-nylon-branded-recycled-nylon-and-leather-backpack_R03817240/,R03817240
274,/cat/prada-branded-brushed-leather-loafers_R03817243/,R03817243
275,/cat/prada-brand-plaque-recycled-polyamide-shoulder-bag_R03780423/,R03780423
276,/cat/prada-montagna-nylon-top-handle-backpack_R03780427/,R03780427
277,/cat/007-james-bond-12-days-of-bond-paper-wrapped-advent-calendar_R03827971/,R03827971
278,/cat/missoma-12-days-of-missoma-advent-calendar-worth-gbp812_R03839996/,R03839996
279,/cat/hunza-g-virginia-nile-v-neck-bikini-set_R03756663/,R03756663
280,/cat/casa-raki-delfina-v-neck-organic-linen-mini-dress_R03774344/,R03774344
281,/cat/marysia-palm-springs-scalloped-recycled-nylon-blend-swimsuit_R03799004/,R03799004
282,/cat/eb-denim-upcycled-og-high-rise-denim-shorts_R03791116/,R03791116
283,/cat/myra-swim-powe-zipped-swimsuit_R03781494/,R03781494
284,,R03728122
285,/cat/jets-by-jessika-allen-nomade-wave-animal-print-recycled-nylon-blend-swimsuit_R03753264/,R03753264
286,/cat/asceno-prague-cropped-organic-linen-shirt_R03754096/,R03754096
287,/cat/hot-futures-cosmic-rebel-eco-oval-frame-plant-based-acetate-sunglasses_R03753007/,R03753007
288,/cat/ganni-chunky-recycled-rubber-sandals_R03759211/,R03759211
289,/cat/ho-ho-coco-happy-camper-text-embroidered-cotton-bucket-hat_R03785841/,R03785841
290,/cat/talis-chains-chain-effect-18ct-yellow-gold-plated-and-pearl-sterling-silver-glasses-chain_R03765624/,R03765624
291,/cat/parley-for-the-oceans-clean-waves-x-mia-interchangeable-lenses-parley-ocean-plastic-sunglasses_R03793366/,R03793366
292,/cat/ancient-greek-sandals-eleftheria-braided-leather-sandals_R03755850/,R03755850
293,/cat/eliou-magnolia-freshwater-pearl-brass-and-glass-necklace_R03792285/,R03792285
294,/cat/givenchy-marshmallow-rubber-slider-sandals_R03750156/,R03750156
295,/cat/stussy-poppy-print-relaxed-fit-cotton-shirt_R03793767/,R03793767
296,/cat/frescobol-carioca-sport-regular-fit-swim-shorts_R03766970/,R03766970
297,/cat/mami-wata-burger-stretch-recycled-polyester-blend-t-shirt_R03785073/,R03785073
298,/cat/orlebar-brown-bulldog-x-geometric-pattern-woven-swim-shorts_R03754970/,R03754970
299,/cat/randy-cow-daisies-graphic-print-recycled-polyester-swim-shorts_R03753371/,R03753371
300,/cat/overlord-upcycled-bandana-print-cotton-shirt_R03763046/,R03763046
301,/cat/palm-angels-palm-angels-x-vilebrequin-monogram-print-swim-shorts_R03786593/,R03786593
302,/cat/a-bathing-ape-a-bathing-ape-x-suicoke-dao-camo-print-woven-sandals_R03740156/,R03740156
303,/cat/new-era-9forty-la-dodgers-canvas-cap_R03794094/,R03794094
304,/cat/bottega-veneta-the-band-crossover-strap-leather-sandals_R03774250/,R03774250
305,/cat/hatton-labs-classic-rope-sterling-silver-necklace_R03642184/,R03642184
306,/cat/new-balance-574-leather-suede-and-lyocell-mid-top-trainers_R03784607/,R03784607
307,/cat/stelar-bau-bau-large-woven-grass-tote-bag_R03795711/,R03795711
308,/cat/x_R03766495/,R03766495
309,/cat/mark-cross-mick-grained-leather-holdall-bag_R03683712/,R03683712
310,/cat/erdem-vacation-fringed-trim-twin-strap-rattan-tote-bag_R03760239/,R03760239
311,/cat/calvin-klein-x-heron-preston-top-handle-small-cotton-holdall-bag_R03755071/,R03755071
312,/cat/bang-olufsen-beosound-a1-2nd-gen-waterproof-bluetooth-speaker_R03715543/,R03715543
313,/cat/casablanca-retro-twin-fin-monogram-print-pu-foam-resin-and-fibreglass-surfboard-1-77m_R03764456/,R03764456
314,/cat/prada-cassetta-wheel-recycled-nylon-gabardine-trainers_R03661406/,R03661406
315,/cat/mercer-the-runner-vegan-leather-mid-top-trainers_R03661884/,R03661884
316,/cat/good-news-opal-organic-cotton-jute-trainers_R03660190/,R03660190
317,/cat/mercer-the-runner-vegan-leather-mid-top-trainers_R03661882/,R03661882
318,/cat/vestiaire-collective-pre-loved-celine-cabas-leather-tote-bag_R03647033/,R03647033
319,/cat/vestiaire-collective-pre-loved-hermes-garden-party-canvas-tote_R03550511/,R03550511
320,/cat/vestiaire-collective-pre-loved-fendi-peekaboo-leather-handbag_R03647028/,R03647028
321,/cat/vestiaire-collective-pre-loved-gucci-gg-marmont-leather-cross-body-bag_R03664804/,R03664804
322,/cat/nudie-jeans-grim-tim-straight-jeans_R01620611/,R01620611
323,/cat/nudie-jeans-grim-tim-straight-jeans_R01620911/,R01620911
324,/cat/nudie-jeans-skinny-lin-slim-fit-skinny-jeans_R01619411/,R01619411
325,/cat/gucci-rouge-a-levres-matte-lipstick-3-5g_R00191111/,R00191111
326,/cat/honey-dijon-logo-print-cotton-jersey-t-shirt_R00089585/,R00089585
327,/cat/honey-dijon-logo-print-cotton-jersey-t-shirt_R00057206/,R00057206
328,/cat/honey-dijon-logo-print-cotton-jersey-t-shirt_R00057205/,R00057205
329,/cat/honey-dijon-logo-print-cotton-jersey-t-shirt_R00089586/,R00089586
330,/cat/honey-dijon-small-leather-wallet_R00089587/,R00089587
331,/cat/honey-dijon-logo-print-cotton-jersey-t-shirt_R00057207/,R00057207
332,/cat/honey-dijon-honey-dijon-large-leather-wallet_R00089588/,R00089588
333,/cat/nike-dunk-low-disrupt-mesh-and-leather-trainers_R03706939/,R03706939
334,/cat/adidas-statement-adidas-x-craig-green-polta-akh-iii-tpu-trainers_R03700242/,R03700242
335,,R03717269
336,/cat/gucci-mens-nathane-leather-trainers_R03658105/,R03658105
337,/cat/mercer-the-runner-vegan-leather-mid-top-trainers_R03661880/,R03661880
338,/cat/cariuma-ladies-oca-high-lace-up-canvas-trainers_R03664646/,R03664646
339,/cat/cariuma-ladies-oca-low-lace-up-canvas-trainers_R03664653/,R03664653
340,/cat/balenciaga-womens-speed-20-stretch-knit-mid-top-trainers_R03652815/,R03652815
341,/cat/comme-des-garcons-comme-des-garcons-play-x-converse-70s-canvas-low-top-trainers_R03712121/,R03712121
342,/cat/gucci-womens-new-ace-apple-print-leather-trainers_R00015552/,R00015552
343,/cat/coperni-swipe-leather-shoulder-bag_R00122629/,R00122629
344,/cat/coperni-swipe-mini-leather-shoulder-bag_R00122627/,R00122627
345,/cat/coperni-swipe-leather-baguette-bag_R00122632/,R00122632
346,/cat/coperni-swipe-leather-tote-bag_R00122636/,R00122636
347,/cat/attico-chain-trimmed-bikini-set_R03755089/,R03755089
348,/cat/bottega-veneta-cassette-intrecciato-leather-cross-body-bag_R03752998/,R03752998
349,/cat/joanna-laura-constantine-feminine-waves-18ct-gold-plated-brass-and-enamel-hoop-earrings_R03776408/,R03776408
350,/cat/sundarbay-oversized-belted-stretch-woven-blazer_R03746387/,R03746387
351,/cat/re-ona-scoop-neck-stretch-jersey-body_R03762925/,R03762925
352,/cat/galvan-nyx-ribbed-stretch-woven-mini-skirt_R03783813/,R03783813
353,/cat/bottega-veneta-arco-large-intrecciato-leather-tote-bag_R03752996/,R03752996
354,/cat/missoma-mini-chubby-silver-plated-brass-hoop-earrings_R03753721/,R03753721
355,/cat/bottega-veneta-block-heel-nappa-leather-mules_R03743253/,R03743253
356,/cat/blanca-studio-selma-striped-cotton-poplin-shirt_R03767556/,R03767556
357,/cat/calle-del-mar-square-neck-cropped-stretch-woven-bandeau_R03758993/,R03758993
358,/cat/bottega-veneta-relaxed-wide-leg-high-rise-cotton-trousers_R03697224/,R03697224
359,/cat/cult-gaia-remi-sleeveless-linen-blend-maxi-dress_R03724736/,R03724736
360,/cat/ganni-ribbed-knitted-cardigan_R03771626/,R03771626
361,/cat/reformation-ozzie-stretch-jersey-two-piece-set_R03768308/,R03768308
362,/cat/aeron-leaf-single-breasted-cotton-and-linen-blend-blazer_R03727774/,R03727774
363,/cat/uncommon-matters-cumulus-sterling-silver-and-lacquered-wood-hoop-earrings_R03775316/,R03775316
364,/cat/jacquemus-les-lunettes-yauco-square-frame-acetate-sunglasses_R03721101/,R03721101
365,/cat/hai-nelly-small-recycled-silk-shoulder-bag_R03757767/,R03757767
366,/cat/chalk-jewellery-rea-walnut-and-acrylic-earrings_R03762181/,R03762181
367,/cat/christian-louboutin-loubishore-woven-straw-shoulder-bag_R03686255/,R03686255
368,/cat/jennifer-gibson-jewellery-pre-loved-gerard-yosca-gold-plated-and-glass-bracelet_R03682437/,R03682437
369,/cat/erdem-vacation-rattan-bucket-bag_R03760237/,R03760237
370,/cat/uncommon-matters-beam-lacquered-wood-earrings_R03775313/,R03775313
371,/cat/uncommon-matters-swell-wooden-bangle_R03775317/,R03775317
372,/cat/amina-muaddi-lupita-open-toe-suede-wedge-sandals_R03748841/,R03748841
373,/cat/kepler-parachute-oversized-silk-shirt_R03734100/,R03734100
374,/cat/gauge81-adeje-v-neck-stretch-woven-mini-dress_R03739888/,R03739888
375,/cat/balenciaga-hourglass-leather-top-handle-bag_R03763332/,R03763332
376,/cat/bottega-veneta-block-heel-nappa-leather-mules_R03743255/,R03743255
377,/cat/jw-anderson-open-laced-leather-sandals_R03779030/,R03779030
378,/cat/gia-couture-gia-couture-x-rosie-huntington-whiteley-suede-wrap-sandals_R03750186/,R03750186
379,/cat/givenchy-marshmallow-rubber-wedge-sandals_R03733273/,R03733273
380,/cat/amina-muaddi-lupita-glass-square-toe-pvc-heeled-mules_R03748812/,R03748812
381,/cat/jimmy-choo-alodie-logo-embellished-leather-sandals_R03762900/,R03762900
382,/cat/mach-mach-wave-crystal-bow-embellished-heeled-satin-courts_R03738780/,R03738780
383,/cat/house-of-rg-adaku-long-sleeved-embellished-mini-dress_R03764227/,R03764227
384,/cat/farai-london-gaia-halterneck-jersey-mini-dress_R03780193/,R03780193
385,/cat/acne-studios-asymmetric-silk-maxi-dress_R03726194/,R03726194
386,/cat/zimmermann-floral-print-linen-mini-dress_R03686043/,R03686043
387,/cat/rhode-ella-braided-belt-cotton-mini-dress_R03755736/,R03755736
388,/cat/isabel-marant-atoae-geometric-print-stretch-silk-midi-dress_R03698088/,R03698088
389,/cat/galvan-london-bari-sequinned-midi-dress_R03764976/,R03764976
390,/cat/balmain-graphic-print-stretch-knit-mini-dress_R03704405/,R03704405
391,/cat/acne-studios-musubi-micro-leather-cross-body-bag_R00049056/,R00049056
392,/cat/gucci-logo-print-tapered-cotton-blend-trousers_R03712727/,R03712727
393,/cat/comme-des-garcons-shirt-colour-blocked-patch-pocket-cotton-poplin-shirt_R03734219/,R03734219
394,/cat/valentino-floral-pattern-crochet-cotton-knit-polo-top_R03743396/,R03743396
395,/cat/nicholas-daley-sleeveless-semi-sheer-cotton-knit-vest_R03699338/,R03699338
396,/cat/nicholas-daley-graphic-cotton-linen-and-silk-blend-field-jacket_R03699311/,R03699311
397,/cat/acne-studios-atlent-tie-dye-stretch-cotton-shirt_R03714589/,R03714589
398,/cat/nicomede-relaxed-fit-drawstring-toggle-shell-jogging-bottoms_R03729526/,R03729526
399,/cat/dries-van-noten-graphic-print-relaxed-fit-crepe-shirt_R03727541/,R03727541
400,/cat/comme-des-garcons-shirt-colour-blocked-patchwork-cotton-poplin-shirt_R03734224/,R03734224
401,/cat/bottega-veneta-slim-fit-cotton-polo-shirt_R03653075/,R03653075
402,/cat/daily-paper-kenton-scarf-relaxed-fit-graphic-pattern-crepe-shirt_R03740217/,R03740217
403,/cat/fendi-brand-applique-wide-jersey-jogging-bottoms_R03747329/,R03747329
404,/cat/givenchy-g-chain-medium-silver-and-gold-toned-brass-necklace_R03743355/,R03743355
405,/cat/givenchy-balle-mini-grained-leather-tote-bag_R03743372/,R03743372
406,/cat/jacquemus-le-alzu-checked-relaxed-fit-cotton-linen-blend-trousers_R03723172/,R03723172
407,/cat/bottega-veneta-short-sleeved-notched-hem-stretch-cotton-shirt_R03697703/,R03697703
408,/cat/givenchy-cars-graphic-pattern-patch-pocket-silk-satin-shirt_R03715881/,R03715881
409,/cat/comme-des-garcons-shirt-patch-pocket-collared-cotton-poplin-shirt_R03734217/,R03734217
410,/cat/jacquemus-patchwork-straight-cotton-trousers_R03739097/,R03739097
411,/cat/homme-plisse-issey-miyake-splash-abstract-pattern-woven-jacket_R03741707/,R03741707
412,/cat/homme-plisse-issey-miyake-pleated-relaxed-fit-wide-woven-trousers_R03741702/,R03741702
413,/cat/comme-des-garcons-shirt-peak-lapel-open-back-cotton-waistcoat_R03734213/,R03734213
414,/cat/oxfam-fergus-for-oxfam-x-bay-garnett-vintage-cotton-jersey-t-shirt_R03670943/,R03670943
415,/cat/stain-shade-upcycled-swoosh-embroidered-cotton-blend-sweatshirt_R03754190/,R03754190
416,/cat/hermes-rouge-hermes-satin-lipstick-35g_R03677492/,R03677492
417,/cat/olubiyi-thomas-relaxed-fit-mid-rise-tapered-leg-linen-and-wool-blend-trousers_R03767524/,R03767524
418,/cat/olubiyi-thomas-graphic-print-raw-trim-linen-blazer_R03767522/,R03767522
419,/cat/olubiyi-thomas-v-neck-patchwork-pattern-suede-and-cotton-waistcoat_R03767521/,R03767521
420,/cat/olubiyi-thomas-raw-trim-long-sleeve-muslin-top_R03767520/,R03767520
421,/cat/olubiyi-thomas-graphic-print-raw-trim-linen-coat_R03767523/,R03767523
422,/cat/olubiyi-thomas-open-top-suede-bucket-hat_R03767525/,R03767525
423,/cat/rokus-fula-22ct-gold-plated-vermeil-sterling-silver-pendant-necklace_R03754295/,R03754295
424,/cat/rokus-le-coeur-22ct-gold-plated-vermeil-sterling-silver-necklace_R03754289/,R03754289
425,/cat/rokus-full-moon-22ct-gold-plated-vermeil-sterling-silver-earrings_R03754291/,R03754291
426,/cat/rokus-fula-22ct-yellow-gold-plated-brass-ring_R03754296/,R03754296
427,/cat/rokus-demi-fula-large-22ct-gold-plated-brass-earrings_R03754293/,R03754293
428,/cat/rokus-fula-22ct-gold-plated-brass-ear-cuff_R03754294/,R03754294
429,/cat/studio-alch-upcycled-studio-alch-x-royal-mail-graphic-print-woven-jacket_R03708828/,R03708828
430,/cat/gucci-logo-tape-relaxed-fit-swim-shorts_R00022794/,R00022794
431,/cat/tom-ford-ft0670-aviator-frame-sunglasses_R00028247/,R00028247
432,/cat/calvin-klein-logo-print-regular-fit-swim-shorts_R00078277/,R00078277
433,/cat/birkenstock-birkenstock-x-csm-bukarest-removable-shield-metallic-leather-sandals_R03748484/,R03748484
434,/cat/birkenstock-birkenstock-x-csm-terra-leather-sandals-by-saskia-lenaerts_R03748481/,R03748481
435,/cat/birkenstock-birkenstock-x-csm-rotterdam-moto-high-leather-boot_R03748487/,R03748487
436,/cat/gabriela-hearst-ana-recycled-leather-bucket-bag_R03679807/,R03679807
437,/cat/gabriela-hearst-cruz-recycled-silk-and-recycled-wool-blend-shirt_R03679582/,R03679582
438,/cat/gabriela-hearst-cervantes-belted-recycled-linen-and-recycled-silk-blend-maxi-dress_R03679584/,R03679584
439,/cat/gabriela-hearst-minos-braided-trim-cashmere-blazer_R03674284/,R03674284
440,/cat/gabriela-hearst-coretta-puff-sleeve-wool-and-silk-blend-maxi-dress_R03674289/,R03674289
441,/cat/gabriela-hearst-marian-v-neck-recycled-cashmere-and-recycled-silk-blend-jumper_R03682025/,R03682025
442,/cat/gabriela-hearst-bridget-v-neck-recycled-silk-velvet-maxi-dress_R03682023/,R03682023
443,/cat/gabriela-hearst-prudence-gingham-cotton-midi-dress_R03637011/,R03637011
444,/cat/gabriela-hearst-leda-tartan-wide-leg-high-rise-wool-trousers_R03637014/,R03637014
445,/cat/gabriela-hearst-wigman-turtleneck-recycled-cashmere-jumper_R03674282/,R03674282
446,/cat/gabriela-hearst-vera-striped-cotton-dress_R03637009/,R03637009
447,/cat/gabriela-hearst-capote-striped-wool-blend-midi-dress_R03637006/,R03637006
448,/cat/gabriela-hearst-nutter-peak-lapel-wool-silk-and-linen-blend-jacket_R03637013/,R03637013
449,/cat/anine-bing-tate-leopard-print-single-breasted-woven-blazer_R00107703/,R00107703
450,/cat/anine-bing-belle-lace-trimmed-v-neck-silk-camisole-top_R00107709/,R00107709
451,/cat/anine-bing-rosemary-silk-midi-dress_R00052684/,R00052684
452,/cat/anine-bing-kaiden-tie-belt-woven-mini-dress_R00107699/,R00107699
453,/cat/anine-bing-luke-regular-fit-leather-shirt_R00107707/,R00107707
454,/cat/anine-bing-becky-double-breasted-oversized-stretch-twill-blazer_R00107697/,R00107697
455,/cat/anine-bing-inez-high-rise-leather-trousers_R00107705/,R00107705
456,/cat/anine-bing-grace-double-breasted-leather-blazer_R00052679/,R00052679
457,/cat/anine-bing-tate-leopard-print-high-rise-woven-trousers_R00107706/,R00107706
458,/cat/anine-bing-kyle-wool-blend-sweater-dress_R00052680/,R00052680
459,/cat/anine-bing-romy-wide-leg-mid-rise-stretch-silk-trousers_R00052677/,R00052677
460,/cat/anine-bing-becky-tapered-high-rise-stretch-twill-trousers_R00107700/,R00107700
461,/cat/stella-mccartney-marlee-perforated-logo-shoulder-bag_R00104035/,R00104035
462,/cat/stella-mccartney-mini-circle-alter-nappa-shoulder-bag_R00104042/,R00104042
463,/cat/stella-mccartney-logo-print-nylon-bucket-bag_R00592811/,R00592811
464,/cat/dion-lee-garter-high-rise-stretch-jersey-bike-shorts_R03693450/,R03693450
465,/cat/helmut-lang-v-neck-ruched-silk-blend-dress_R03719117/,R03719117
466,/cat/angostura-garnet-and-gold-toned-brass-half-finger-ring_R03710971/,R03710971
467,/cat/andersson-bell-rounge-high-rise-cotton-blend-knitted-trousers_R03705243/,R03705243
468,/cat/jacquemus-le-petit-bambino-mini-suede-top-handle-bag_R03654110/,R03654110
469,/cat/nomad-goba-abstract-print-linen-coat_R03637622/,R03637622
470,/cat/loewe-drawstring-sleeve-wool-cotton-and-linen-blend-shirt_R03691033/,R03691033
471,/cat/mugler-sheer-panel-stretch-jersey-and-mesh-body_R03691083/,R03691083
472,/cat/off-white-c-o-virgil-abloh-melt-waves-logo-print-satin-shirt_R03723322/,R03723322
473,/cat/pleats-please-issey-miyake-collage-panelled-pleated-woven-midi-dress_R03703511/,R03703511
474,/cat/attico-padded-shoulder-crepe-mini-dress_R03706595/,R03706595
475,/cat/amina-muaddi-pernille-suede-ankle-boots_R03687235/,R03687235
476,/cat/bottega-veneta-the-shell-small-leather-shoulder-bag_R03699690/,R03699690
477,/cat/79hour-chrome-14ct-gold-plated-brass-necklace_R03729902/,R03729902
478,/cat/stella-mccartney-arielle-semi-sheer-polka-dot-stretch-woven-midi-dress_R03697324/,R03697324
479,/cat/alexander-wang-asymmetric-stretch-jersey-mini-dress_R03689911/,R03689911
480,/cat/materiel-scalloped-trim-faux-leather-mini-dress_R03714030/,R03714030
481,/cat/fenty-tie-me-up-lace-up-pvc-and-leather-courts_R03698277/,R03698277
482,/cat/the-row-bindle-logo-print-leather-shoulder-bag_R03660535/,R03660535
483,/cat/omer-asim-dishevelled-silk-satin-midi-dress_R03686726/,R03686726
484,/cat/bottega-veneta-patch-pocket-stretch-wool-jacket_R03697236/,R03697236
485,/cat/paco-rabanne-eight-gold-tone-chunky-necklace_R03702824/,R03702824
486,/cat/ps-by-paul-smith-graphic-print-tailored-fit-crepe-shirt_R00992111/,R00992111
487,/cat/ps-by-paul-smith-logo-embroidered-striped-cotton-jersey-t-shirt_R00993011/,R00993011
488,/cat/ps-by-paul-smith-regular-fit-stretch-cotton-shorts_R00990911/,R00990911
489,/cat/ps-by-paul-smith-zebra-badge-cotton-jersey-sweatshirt_R00990611/,R00990611
490,/cat/ps-by-paul-smith-zebra-embroidered-cotton-pique-polo-shirt_R00992411/,R00992411
491,/cat/ps-by-paul-smith-zebra-climb-cotton-jersey-t-shirt_R00989411/,R00989411
492,/cat/ps-by-paul-smith-logo-embroidered-organic-cotton-jersey-hoody_R00994511/,R00994511
493,/cat/ps-by-paul-smith-zebra-print-cotton-jersey-t-shirt_R00990011/,R00990011
494,/cat/ps-by-paul-smith-graphic-print-organic-cotton-jersey-t-shirt_R00989111/,R00989111
495,/cat/ps-by-paul-smith-halo-monkey-graphic-print-cotton-jersey-t-shirt_R00989711/,R00989711
496,/cat/paul-smith-globe-enamel-cufflinks_R00008709/,R00008709
497,/cat/paul-smith-glitter-dice-cufflinks_R00008695/,R00008695
498,/cat/paul-smith-accessories-polished-leather-card-holder_R00037354/,R00037354
499,/cat/stella-mccartney-girl-face-cotton-t-shirt-4-12-years_R00064499/,R00064499
500,/cat/palm-angels-logo-embroidered-srtraight-cotton-twill-trousers_R03626210/,R03626210
501,/cat/rick-owens-oversized-cotton-jersey-t-shirt_R03645165/,R03645165
502,/cat/greg-lauren-scrapwork-patchwork-tapered-cotton-trousers_R03637048/,R03637048
503,/cat/jacquemus-le-gadjo-leather-wallet-on-strap_R03633117/,R03633117
504,/cat/bottega-veneta-quilted-shell-gilet_R03626641/,R03626641
505,/cat/jacquemus-olivado-cotton-twill-field-jacket_R03633382/,R03633382
506,/cat/by-walid-ally-relaxed-fit-cotton-shirt_R03628052/,R03628052
507,/cat/eytys-rocco-elasticated-leather-ankle-boots_R03663312/,R03663312
508,/cat/craig-green-pre-loved-worker-fin-denim-jacket_R03654890/,R03654890
509,/cat/valentino-lost-city-graphic-print-cotton-polo-shirt_R03629764/,R03629764
510,/cat/dickies-slim-straight-873-woven-trousers_R03649802/,R03649802
511,/cat/stone-island-micro-reps-shell-down-gilet_R03635560/,R03635560
512,/cat/palm-angels-checked-boxy-fit-stretch-cotton-shirt_R03654501/,R03654501
513,/cat/moncler-grenoble-canmore-quilted-shell-down-jacket_R03651837/,R03651837
514,/cat/bottega-veneta-intrecciato-woven-leather-pouch_R03653024/,R03653024
515,/cat/junya-watanabe-levis-checked-panel-denim-and-wool-blend-jacket_R03670918/,R03670918
516,/cat/burberry-check-print-cotton-umbrella_R03673388/,R03673388
517,/cat/loewe-tapered-cotton-twill-cargo-trousers_R03625261/,R03625261
518,/cat/the-soloist-patterned-cotton-blend-knitted-cardigan_R03635334/,R03635334
519,/cat/sunspel-classic-cotton-jersey-t-shirt_R03629469/,R03629469
520,/cat/private-policy-harness-embellished-cotton-shirt_R03660669/,R03660669
521,/cat/private-policy-detachable-pocket-cotton-twill-trousers_R03660678/,R03660678
522,/cat/rick-owens-drkshdw-gilligan-cotton-blend-bucket-hat_R03648709/,R03648709
523,/cat/raf-simons-x-fred-perry-logo-intarsia-wool-blend-cardigan_R03671897/,R03671897
524,/cat/off-white-c-o-virgil-abloh-diagonal-striped-slim-fit-jeans_R03660637/,R03660637
525,/cat/moncler-genius-1952-colour-blocked-mohair-blend-jumper_R03663468/,R03663468
526,/cat/jacquemus-le-carre-leather-cross-body-bag_R03633112/,R03633112
527,/cat/junya-watanabe-levis-513-straight-jeans_R03670921/,R03670921
528,/cat/clothsurgeon-brand-embroidered-upcycled-cotton-blend-trousers_R03672012/,R03672012
529,/cat/a-cold-wall-reiss-shell-coat_R01761611/,R01761611
530,/cat/ann-demeulemeester-east-floral-embroidered-cropped-woven-trousers_R03657346/,R03657346
531,/cat/christmas-khutu-giant-glass-and-clay-bauble-17cm_R03664926/,R03664926
532,/cat/christmas-nkuku-danoa-giant-recycled-glass-drop-bauble-25-5cm_R03664919/,R03664919
533,/cat/christmas-selfridges-logo-print-2020-glass-bauble_R03671010/,R03671010
534,/cat/christmas-nkuku-danoa-giant-recycled-glass-round-bauble-18cm_R03664920/,R03664920
535,/cat/christmas-foiled-christmas-bauble_R01145711/,R01145711
536,/cat/a-cold-wall-shard-panelled-leather-low-top-trainers_R00061147/,R00061147
537,/cat/nike-air-max-90-mesh-and-faux-leather-trainers_R00105220/,R00105220
538,/cat/nike-air-vapormax-flyknit-3-textile-trainers_R00062160/,R00062160
539,/cat/comme-des-garcons-comme-des-garcons-play-x-converse-70s-spotted-canvas-high-top-trainers_R00057522/,R00057522
540,,R00045430
541,/cat/adidas-yeezy-500-suede-and-neoprene-high-top-trainers_R03537311/,R03537311
542,/cat/a-bathing-ape-m2-patent-leather-trainers_R00083469/,R00083469
543,/cat/christian-louboutin-seavastissimo-leather-trainers_R00017798/,R00017798
544,,R00009508
545,/cat/veja-v10-logo-print-vegan-leather-trainers_R00003460/,R00003460
546,/cat/veja-mens-campo-leather-and-coated-canvas-low-top-trainers_R00003503/,R00003503
547,/cat/veja-v-10-suede-trainers_R00071361/,R00071361
548,/cat/reebok-reebok-x-victoria-beckham-dual-court-ii-faux-leather-trainers_R00119702/,R00119702
549,/cat/off-white-c-o-virgil-abloh-2-0-screen-printed-leather-trainers_R00009709/,R00009709
550,/cat/vans-authentic-canvas-plimsolls_R00128604/,R00128604
551,/cat/nike-air-tailwind-79-leather-and-textile-trainers_R00112671/,R00112671
552,/cat/skims-high-cut-stretch-jersey-mesh-bikini-briefs_R03665215/,R03665215
553,/cat/skims-core-control-mid-rise-stretch-woven-briefs_R03666926/,R03666926
554,/cat/skims-built-up-high-rise-stretch-jersey-thong_R03665214/,R03665214
555,/cat/skims-ribbed-stretch-woven-thong_R03667026/,R03667026
556,/cat/skims-plunge-stretch-woven-bra_R03667028/,R03667028
557,/cat/skims-naked-stretch-woven-plunge-bra_R03677179/,R03677179
558,/cat/skims-fits-everybody-stretch-woven-bandeau-bra_R03666933/,R03666933
559,/cat/skims-scoop-neck-stretch-mesh-bralette_R03665213/,R03665213
560,/cat/skims-naked-demi-underwired-stretch-mesh-bra_R03677180/,R03677180
561,/cat/skims-cozy-boucle-knitted-shorts_R03665148/,R03665148
562,/cat/skims-cozy-boucle-knitted-trousers_R03665149/,R03665149
563,/cat/skims-cozy-stretch-knitted-top_R03665147/,R03665147
564,/cat/skims-boned-stretch-woven-waist-trainer_R03666929/,R03666929
565,/cat/skims-essential-crew-neck-stretch-woven-body_R03665144/,R03665144
566,/cat/skims-sculpting-v-neck-stretch-woven-body_R03665188/,R03665188
567,/cat/skims-contour-bonded-high-rise-stretch-woven-shorts_R03666931/,R03666931
568,/cat/skims-sculpting-v-neck-stretch-woven-body_R03680888/,R03680888
569,/cat/skims-essential-crew-neck-stretch-woven-body_R03665143/,R03665143
570,/cat/skims-core-control-high-rise-stretch-woven-thong_R03666928/,R03666928
571,/cat/skims-ribbed-stretch-cotton-thong_R03665236/,R03665236
572,/cat/johnstons-fringed-cashmere-scarf_R03663923/,R03663923
573,/cat/johnstons-fringe-trim-cashmere-scarf_R03663925/,R03663925
574,/cat/johnstons-fringed-cashmere-stole_R03663924/,R03663924
575,/cat/johnstons-reversible-personalised-cashmere-scarf_R03663944/,R03663944
576,/cat/skims-fits-everybody-stretch-woven-thong_R03666938/,R03666938
577,/cat/skims-fits-everybody-triangle-stretch-jersey-bralette_R03666940/,R03666940
578,/cat/skims-sculpting-high-rise-stretch-woven-shorts_R03665190/,R03665190
579,/cat/skims-sculpting-super-high-rise-stretch-woven-briefs_R03665185/,R03665185
580,/cat/skims-sculpting-high-rise-stretch-woven-shorts_R03665191/,R03665191
581,/cat/skims-solution-high-rise-stretch-woven-shorts_R03665192/,R03665192
582,/cat/skims-triangle-stretch-mesh-bra_R03665212/,R03665212
583,/cat/skims-fits-everybody-cheeky-stretch-jersey-briefs_R03666936/,R03666936
584,/cat/patagonia-torrentshell-recycled-nylon-jacket_R00100823/,R00100823
585,/cat/bottega-veneta-panelled-leather-and-denim-jacket_R00000878/,R00000878
586,/cat/craig-green-graphic-print-relaxed-fit-smocked-cotton-jacket_R00074762/,R00074762
587,/cat/thom-browne-striped-trim-shell-windbreaker-jacket_R00095147/,R00095147
588,/cat/comme-des-garcons-shirt-shopping-tote-bag_R00106211/,R00106211
589,/cat/bottega-veneta-intrecciato-leather-belt-bag_R00000235/,R00000235
590,/cat/adidas-y3-y-3-yohji-star-canvas-and-leather-trainers_R00120420/,R00120420
591,/cat/maison-margiela-tabi-split-toe-canvas-high-top-trainers_R00009672/,R00009672
592,/cat/maison-margiela-multi-utility-nylon-belt-bag_R00048104/,R00048104
593,/cat/jacquemus-baguier-multi-ring-gold-toned-bracelet_R03721093/,R03721093
594,/cat/jacquemus-tordu-cut-out-stretch-kit-cardigan_R03721128/,R03721128
595,/cat/nensi-dojaka-asymmetric-stretch-woven-and-silk-mini-dress_R03737309/,R03737309
596,/cat/givenchy-ribbon-crepe-top_R03739202/,R03739202
597,/cat/ottolinger-world-print-stretch-woven-top_R03716507/,R03716507
598,/cat/mugler-segmented-cut-out-wool-blazer_R03691071/,R03691071
599,/cat/dion-lee-hosiery-teardrop-jersey-mini-skirt_R03733998/,R03733998
600,/cat/vivienne-westwood-magical-sol-organic-silk-mini-dress_R03702603/,R03702603
601,/cat/khaite-allegra-sweetheart-neck-stretch-knit-maxi-dress_R03654390/,R03654390
602,/cat/victoria-beckham-keyhole-ruched-stretch-woven-midi-dress_R03739821/,R03739821
603,/cat/galvan-manhattan-strapless-stretch-woven-midi-dress_R03736885/,R03736885
604,/cat/bevza-seashell-satin-maxi-dress_R03652364/,R03652364
605,/cat/nensi-dojaka-asymmetric-woven-maxi-dress_R03737308/,R03737308
606,/cat/jade-swim-via-triangle-bikini-top_R03697597/,R03697597
607,/cat/rick-owens-diana-cut-out-high-waist-stretch-cotton-mini-skirt_R03715999/,R03715999
608,/cat/shaun-leane-quill-sterling-silver-ring_R03711196/,R03711196
609,/cat/paco-rabanne-floral-print-turtleneck-stretch-knit-top_R03701859/,R03701859
610,,R03711606
611,/cat/fenty-striped-loose-fit-stretch-mesh-top_R03698268/,R03698268
612,/cat/nicomede-abstract-print-oversized-crepe-shirt_R03710439/,R03710439
613,/cat/wen-pan-frayed-trim-relaxed-fit-silk-and-cotton-blend-trousers_R03705741/,R03705741
614,/cat/16-arlington-seymour-oversized-satin-shirt_R03689932/,R03689932
615,/cat/dries-van-noten-graphic-print-cotton-maxi-dress_R03711569/,R03711569
616,/cat/ottolinger-carl-striped-wool-cotton-and-linen-blend-jumper_R03735802/,R03735802
617,/cat/ottolinger-distressed-v-neck-wool-jumper_R03624590/,R03624590
618,/cat/nanushka-eder-v-neck-knitted-cardigan_R00662111/,R00662111
619,,R02249711
620,/cat/the-row-tassel-trimmed-wool-blend-poncho_R00024866/,R00024866
621,/cat/missoni-wave-pattern-embellished-trim-knitted-maxi-dress_R01076111/,R01076111
622,/cat/bevza-sweetheart-neck-ribbed-woven-maxi-dress_R03652359/,R03652359
623,/cat/dries-van-noten-geometric-pattern-crop-wool-vest_R03629455/,R03629455
624,/cat/maison-margiela-pearl-gold-toned-hoop-earrings_R00043896/,R00043896
625,/cat/ottolinger-graphic-print-mesh-t-shirt_R03624586/,R03624586
626,,R03113711
627,/cat/alighieri-the-poets-muse-24ct-gold-plated-bronze-and-freshwater-pearl-drop-earrings_R03657522/,R03657522
628,/cat/by-far-mini-rachel-croc-embossed-leather-shoulder-bag_R03671395/,R03671395
629,/cat/jacquemus-la-maille-baho-ribbed-wool-blend-polo-shirt_R01377311/,R01377311
630,/cat/remain-birger-christensen-duchesse-wide-leg-high-rise-leather-trousers_R02981411/,R02981411
631,/cat/balenciaga-logo-print-oversized-cotton-blend-t-shirt_R03663664/,R03663664
632,,R03637105
633,/cat/dries-van-noten-cropped-v-neck-wool-vest_R03626776/,R03626776
634,/cat/wald-berlin-bella-silver-plated-necklace_R03636101/,R03636101
635,/cat/tods-carrarmato-patent-leather-platform-penny-loafers_R03658804/,R03658804
636,/cat/saks-potts-jimy-fringe-trim-shearling-coat_R03636813/,R03636813
637,/cat/marine-serre-moon-print-fitted-turtleneck-stretch-jersey-top_R03665221/,R03665221
638,/cat/isabel-marant-ajali-quilted-leather-gilet_R01435511/,R01435511
639,/cat/isabel-marant-denji-alpaca-blend-bucket-hat_R03666063/,R03666063
640,/cat/paco-rabanne-semi-sheer-crepe-and-silk-satin-top_R03639871/,R03639871
641,/cat/rito-padded-shell-down-coat_R03651341/,R03651341
642,/cat/acne-studios-itty-cinz-pleated-satin-skirts_R03640547/,R03640547
643,/cat/palm-angels-logo-print-cotton-jersey-hoody_R00071827/,R00071827
644,/cat/palm-angels-logo-print-cotton-jersey-t-shirt_R00071825/,R00071825
645,/cat/palm-angels-logo-print-cotton-jersey-sweatshirt_R00071826/,R00071826
646,/cat/tiffany-co-t1-18ct-rose-gold-and-diamond-bracelet_R03681155/,R03681155
647,/cat/tiffany-co-t1-narrow-18ct-rose-gold-and-diamond-bracelet_R03681163/,R03681163
648,/cat/mugler-asymmetric-stretch-jersey-maxi-dress_R03691085/,R03691085
649,/cat/harmur-nonchalant-halterneck-silk-satin-jumpsuit_R03705603/,R03705603
650,/cat/ugg-fluff-yeah-sheepskin-sliders_R03708380/,R03708380
651,/cat/gauge81-saratov-one-shoulder-satin-crepe-midi-dress_R03684369/,R03684369
652,/cat/tiffany-co-t1-18ct-rose-gold-bracelet_R03681161/,R03681161
653,/cat/gauge81-tunja-double-breasted-satin-crepe-mini-blazer-dress_R03684370/,R03684370
654,/cat/missoma-triangle-18ct-yellow-gold-plated-vermeil-and-lapis-clip-on-pendant_R03698707/,R03698707
655,/cat/reiss-joan-velvet-jumpsuit_R03646978/,R03646978
656,/cat/allsaints-leanna-sequinned-blazer_R03651617/,R03651617
657,/cat/saks-potts-foxy-v-neck-shearling-trimmed-leather-coat_R03636825/,R03636825
658,/cat/saks-potts-lissi-shimmer-high-rise-stretch-jersey-trousers_R03636819/,R03636819
659,/cat/dyson-dyson-corrale-straightener_R00127672/,R00127672
660,/cat/missoma-radial-ovate-18ct-yellow-gold-plated-vermeil-sterling-silver-hoop-earrings_R03632804/,R03632804
661,/cat/missoma-deconstructed-axiom-18ct-gold-plated-brass-chain-necklace_R03632770/,R03632770
662,/cat/missoma-hexagonal-18ct-yellow-gold-plated-vermeil-and-star-quartz-clip-on-pendant_R03698714/,R03698714
663,/cat/missoma-camail-18ct-gold-plated-snake-chain-necklace_R03698737/,R03698737
664,/cat/missoma-sphere-small-18ct-gold-plated-brass-pendant_R03698717/,R03698717
665,/cat/paco-rabanne-floral-print-stretch-jersey-top_R03682901/,R03682901
666,/cat/missoma-triangle-18ct-yellow-gold-plated-vermeil-and-amazonite-clip-on-pendant_R03698708/,R03698708
667,/cat/mac-frosted-firework-flashing-ice-extra-dimension-skinfinish-trio_R03656518/,R03656518
668,/cat/alexander-mcqueen-swarovski-crystal-embellished-brass-earrings_R03661274/,R03661274
669,/cat/claudie-pierlot-sicile-pleated-crepe-mini-skirt_R03642727/,R03642727
670,/cat/claudie-pierlot-python-embossed-leather-courts_R00058879/,R00058879
671,/cat/reiss-annie-wide-leg-crepe-tuxedo-jumpsuit_R03000311/,R03000311
672,/cat/missoma-ovate-sterling-silver-plated-earrings_R03663843/,R03663843
673,/cat/rotate-birger-christensen-judy-padded-shoulder-cropped-sequinned-jacket_R03703432/,R03703432
674,/cat/rotate-birger-christensen-alicia-skinny-high-rise-sequinned-trousers_R03703433/,R03703433
675,/cat/bottega-veneta-point-leather-slingback-courts_R03654920/,R03654920
676,/cat/allsaints-francesco-metallic-sheer-dress_R03649877/,R03649877
677,/cat/tom-ford-eye-colour-quad-6g_R00065632/,R00065632
678,/cat/bec-bridge-lelani-asymmetric-knitted-midi-dress_R03690018/,R03690018
679,/cat/bottega-veneta-bv-bold-intrecciato-leather-heeled-mules_R03654914/,R03654914
680,/cat/cartier-diabolo-de-cartier-gold-finished-keyring-with-wax-seal-motif_R03690990/,R03690990
681,/cat/cartier-panthere-de-cartier-cards-and-envelopes-set-of-15_R03697386/,R03697386
682,/cat/christmas-glittered-star-ball-christmas-bauble_R01143311/,R01143311
683,/cat/christmas-glittered-christmas-bauble_R01145411/,R01145411
684,/cat/christmas-danoa-recycled-glass-and-velvet-christmas-tree-bauble-18x15cm_R03664921/,R03664921
685,/cat/christmas-holly-christmas-bauble_R01144211/,R01144211
686,/cat/christmas-telephone-box-christmas-decoration_R00204911/,R00204911
687,/cat/bottega-veneta-padded-intrecciato-woven-leather-gilet_R03697696/,R03697696
688,/cat/labrum-london-upcycled-contrast-panel-tapered-oversized-cotton-trousers_R03699114/,R03699114
689,/cat/tom-ford-slim-branded-waistband-stretch-cotton-leggings_R03662425/,R03662425
690,/cat/jw-anderson-abstract-print-oversized-cotton-polo-shirt_R03713712/,R03713712
691,/cat/jw-anderson-cropped-tapered-cotton-cargo-trousers_R03713724/,R03713724
692,/cat/jw-anderson-drawstring-hem-colour-blocked-shell-hooded-jacket_R03713709/,R03713709
693,/cat/jw-anderson-belt-recycled-canvas-tote-bag_R03713788/,R03713788
694,/cat/jw-anderson-belt-recycled-canvas-tote-bag_R03683608/,R03683608
695,/cat/jw-anderson-belt-recycled-canvas-tote-bag_R03683607/,R03683607
696,/cat/hunter-original-play-short-rubber-wellington-boots_R03698321/,R03698321
697,/cat/homme-plisse-issey-miyake-pleated-hooded-woven-jacket_R03625554/,R03625554
698,/cat/jacquemus-le-porte-mini-leather-cross-body-bag_R03723338/,R03723338
699,/cat/marni-striped-oversized-cotton-bowling-shirt_R03715622/,R03715622
700,/cat/maison-margiela-cut-out-oversized-wool-cardigan_R03680462/,R03680462
701,/cat/bottega-veneta-mid-rise-oversized-cotton-shorts_R03697704/,R03697704
702,/cat/givenchy-logo-embroidered-silk-tie_R03687723/,R03687723
703,/cat/jw-anderson-asymmetric-recycled-polyester-bucket-hat_R03705680/,R03705680
704,/cat/versace-patchwork-graphic-print-denim-and-silk-jacket_R03705955/,R03705955
705,/cat/versace-medusa-head-leather-belt-bag_R03709351/,R03709351
706,/cat/versace-patchwork-straight-jeans_R03705954/,R03705954
707,/cat/off-white-c-o-virgil-abloh-unfinished-striped-single-breasted-wool-blazer_R03703901/,R03703901
708,/cat/off-white-c-o-virgil-abloh-striped-relaxed-fit-straight-wool-trousers_R03703855/,R03703855
709,/cat/pieces-uniques-slogan-print-cotton-blend-hoody_R03732429/,R03732429
710,/cat/moncler-genius-rollercoaster-buckle-mesh-and-shell-harness_R03677509/,R03677509
711,/cat/valentino-vltn-print-oversized-shell-overshirt_R03707131/,R03707131
712,/cat/valentino-zodiac-print-shell-coat_R03707163/,R03707163
713,/cat/valentino-logo-print-relaxed-print-cotton-shirt_R03707124/,R03707124
714,/cat/valentino-pleated-regular-fit-mid-rise-cotton-blend-trousers_R03707162/,R03707162
715,/cat/alexander-mcqueen-contrast-panel-slim-wool-trousers_R03709384/,R03709384
716,/cat/alexander-mcqueen-hybrid-belted-cotton-coat_R03709414/,R03709414
717,/cat/lanvin-silk-tie_R03677434/,R03677434
718,/cat/snow-peak-takibi-v-neck-woven-gilet_R03711488/,R03711488
719,/cat/hunter-original-play-mid-top-rubber-wellington-boots_R03698307/,R03698307
720,/cat/alighieri-solitary-tear-24ct-yellow-gold-plated-bronze-and-freshwater-pearl-pendant-necklace_R00170111/,R00170111
721,/cat/alighieri-hand-of-protection-24ct-yellow-gold-plated-bronze-pendant-necklace_R00171011/,R00171011
722,/cat/alighieri-shadow-of-a-woman-24ct-gold-plated-bronze-and-onyx-drop-earrings_R00171311/,R00171311
723,/cat/alighieri-the-moon-fever-24ct-gold-plated-bronze-and-freshwater-pearl-bracelet_R00171611/,R00171611
724,/cat/repossi-blast-18ct-pink-gold-and-diamond-bracelet_R00122285/,R00122285
725,/cat/repossi-blast-18ct-pink-gold-and-diamond-ring_R00122283/,R00122283
726,/cat/repossi-blast-18ct-pink-gold-and-diamond-left-ear-cuff_R00122288/,R00122288
727,/cat/repossi-antifer-18ct-pink-gold-and-diamond-double-band-ring_R00122237/,R00122237
728,/cat/repossi-antifer-18ct-rose-gold-and-diamond-single-earring_R00122234/,R00122234
729,/cat/otiumberg-pave-set-recycled-9ct-yellow-gold-and-diamond-hoop-earring_R00030642/,R00030642
730,/cat/otiumberg-9ct-recycled-yellow-gold-and-sapphire-ring_R00111989/,R00111989
731,/cat/otiumberg-medium-diamond-and-9ct-white-gold-huggie-hoop-earring_R00030659/,R00030659
732,/cat/otiumberg-chunky-recycled-yellow-gold-plated-vermeil-silver-hoop-earrings_R00030611/,R00030611
733,/cat/otiumberg-tiny-graduated-sphere-9ct-gold-hoop_R00030652/,R00030652
734,/cat/otiumberg-alphabet-gold-plated-silver-vermeil-and-freshwater-pearls-charm_R00030706/,R00030706
735,/cat/hatton-labs-tennis-sterling-silver-citrine-and-topaz-chain_R00090059/,R00090059
736,/cat/hatton-labs-heavyweight-sterling-silver-cuban-chain_R00090054/,R00090054
737,/cat/hatton-labs-cuban-sterling-silver-bracelet_R00090060/,R00090060
738,/cat/hatton-labs-heavyweight-sterling-silver-cuban-bracelet_R00090055/,R00090055
739,/cat/resellfridges-pre-loved-celine-baguette-graphic-print-canvas-bag_R03705325/,R03705325
740,/cat/for-the-ages-ineva-baguette-cotton-blend-bag_R03688511/,R03688511
741,/cat/resellfridges-pre-loved-chanel-leather-shoulder-bag_R03758939/,R03758939
742,/cat/christian-louboutin-elisa-small-leather-and-denim-shoulder-bag_R03701924/,R03701924
743,/cat/resellfridges-pre-loved-the-row-circle-suede-tote-bag_R03743745/,R03743745
744,/cat/bottega-veneta-the-chain-cassette-intrecciato-leather-cross-body-bag_R03699669/,R03699669
745,/cat/loewe-puzzle-mini-leather-shoulder-bag_R00037799/,R00037799
746,/cat/mulberry-iris-small-leather-top-handle-bag_R03756102/,R03756102
747,/cat/loewe-heel-duo-leather-shoulder-bag_R03738177/,R03738177
748,/cat/by-far-baby-amber-croc-embossed-leather-shoulder-bag_R03689441/,R03689441
749,/cat/3-1-phillip-lim-odita-lattice-woven-leather-pouch_R03733965/,R03733965
750,/cat/bottega-veneta-bv-jodie-small-intrecciato-leather-hobo-bag_R00754811/,R00754811
751,/cat/aspinal-of-london-hat-box-micro-crocodile-embossed-leather-top-handle-bag_R03738846/,R03738846
752,/cat/givenchy-metal-handle-croc-embossed-leather-shopper-bag_R03743373/,R03743373
753,/cat/edas-yshaia-leather-shoulder-bag_R03699577/,R03699577
754,/cat/givenchy-balle-mini-leather-tote-bag_R03743374/,R03743374
755,/cat/givenchy-cut-out-chain-embellished-small-croc-embossed-leather-shoulder-bag_R03743348/,R03743348
756,/cat/mulberry-alexa-mini-leather-satchel-bag_R03692834/,R03692834
757,/cat/burberry-tb-mini-canvas-shoulder-bag_R00094915/,R00094915
758,/cat/gucci-ophidia-gg-small-boston-canvas-shoulder-bag_R03309011/,R03309011
759,/cat/saint-laurent-monogram-denim-and-suede-satchel-bag_R03707234/,R03707234
760,/cat/valentino-garavani-03-rose-edition-atelier-leather-bucket-bag_R03713849/,R03713849
761,/cat/givenchy-antigona-large-leather-tote-bag_R03715936/,R03715936
762,/cat/medea-dieci-busted-leather-tote-bag_R03713139/,R03713139
763,/cat/balenciaga-neo-classic-large-leather-top-handle-bag_R03713038/,R03713038
764,/cat/burberry-society-medium-canvas-tote-bag_R03682231/,R03682231
765,/cat/jw-anderson-belt-branded-recycled-canvas-tote-bag_R03683610/,R03683610
766,/cat/cartier-panthegravere-de-cartier-limoges-medium-porcelain-vase-22cm_R03697395/,R03697395
767,/cat/cartier-diabolo-de-cartier-porcelain-piggy-bank-17cm_R03691005/,R03691005
768,/cat/cartier-diabolo-de-cartier-small-porcelain-and-suede-trinket-trays-set-of-two_R03690987/,R03690987
769,/cat/cartier-diabolo-de-cartier-wooden-blocks-game_R03691003/,R03691003
770,/cat/cartier-diabolo-de-cartier-cards-and-envelopes-pack-of-12_R03690983/,R03690983
771,/cat/cartier-panthre-de-cartier-180-page-notebook_R03697388/,R03697388
772,/cat/cartier-clash-de-cartier-18ct-rose-gold-earrings_R03667225/,R03667225
773,/cat/loewe-loewe-x-paulas-gate-leather-pouch-bag_R02236511/,R02236511
774,/cat/rosantica-baby-ghizlan-crystal-embellished-necklace-bag_R00111879/,R00111879
775,/cat/jacquemus-le-petit-chiquito-mini-leather-top-handle-bag_R00052917/,R00052917
776,/cat/prada-leather-card-holder-on-strap_R00015790/,R00015790
777,/cat/maison-margiela-tabi-logo-embossed-heeled-leather-sandals_R00096050/,R00096050
778,/cat/jimmy-choo-ria-65-backless-snake-embossed-leather-heeled-mules_R00136242/,R00136242
779,/cat/loewe-loewe-x-paulas-mermaid-print-asymmetric-cotton-midi-dress_R02367911/,R02367911
780,/cat/chloe-darryl-saddle-cross-body-leather-shoulder-bag_R03710158/,R03710158
781,/cat/bottega-veneta-geometric-print-relaxed-fit-woven-shirt_R03697702/,R03697702
782,/cat/miu-miu-mu01xs-butterfly-frame-acetate-sunglasses_R03728605/,R03728605
783,/cat/bvlgari-bv6159-54-serpenti-round-frame-metal-sunglasses_R03728698/,R03728698
784,,R03759571
785,/cat/tiffany-co-tf3073b-59-round-frame-acetate-and-metal-sunglasses_R00123762/,R00123762
786,/cat/versace-ve4403-57-round-frame-acetate-sunglasses_R03658651/,R03658651
787,/cat/oliver-peoples-ov1282st-weslie-sun-circular-frame-titanium-and-glass-sunglasses_R03708206/,R03708206
788,/cat/oakley-oo4145-wire-tap-20-rectangle-frame-metal-sunglasses_R03728719/,R03728719
789,/cat/gentle-monster-kings-l1-acetate-and-metal-aviator-frame-sunglasses_R03733254/,R03733254
790,/cat/bottega-veneta-bv1099s-cat-eye-acetate-sunglasses_R03759583/,R03759583
791,/cat/milk-makeup-lip-cheek-6g_R03652477/,R03652477
792,/cat/burberry-timothie-cotton-jogging-bottoms-4-14-years_R03698404/,R03698404
793,/cat/burberry-kids-chandy-vintage-checked-cotton-bucket-hat-4-14-years_R03712543/,R03712543
794,/cat/burberry-logo-print-crewneck-cotton-t-shirt-3-14-years_R03712551/,R03712551
795,/cat/burberry-frances-quilted-satin-skirt-4-14-years_R03698960/,R03698960
796,/cat/burberry-owen-checked-cotton-shirt-3-14-years_R03764260/,R03764260
797,/cat/burberry-giaden-monogram-quilted-satin-gilet-3-14-years_R03764247/,R03764247
798,/cat/burberry-leeta-striped-wool-and-cashmere-dress-8-14-years_R03764329/,R03764329
799,/cat/givenchy-g-link-large-silver-tone-brass-necklace_R03743347/,R03743347
800,/cat/off-white-c-o-virgil-abloh-balaclava-shell-bucket-hat_R03712424/,R03712424
801,/cat/tiffany-co-hardwear-18ct-rose-gold-wrap-bracelet_R03681165/,R03681165
802,/cat/tiffany-co-tiffany-city-hardwear-18ct-rose-gold-necklace_R03780587/,R03780587
803,/cat/givenchy-antigona-nano-leather-shoulder-bag_R03776685/,R03776685
804,/cat/burberry-olympia-small-cotton-shoulder-bag_R03728801/,R03728801
805,/cat/carhartt-wip-payton-woven-cross-body-bag_R03734040/,R03734040
806,/cat/off-white-c-o-virgil-abloh-branded-shell-and-leather-messenger-bag_R03753806/,R03753806
807,/cat/moncler-padded-logo-embroidered-shell-down-gilet-4-14-years_R03627729/,R03627729
808,/cat/a-bathing-ape-cotton-camouflage-print-zip-hoodie-2-16-years_R03725144/,R03725144
809,/cat/stone-island-brand-embroidered-short-sleeved-cotton-t-shirt-4-14-years_R03714426/,R03714426
810,/cat/balenciaga-political-logo-embroidered-cotton-hoody-4-10-years_R00468611/,R00468611
811,/cat/kenzo-tiger-cotton-t-shirt-4-14-years_R01389911/,R01389911
812,/cat/kenzo-logo-print-cotton-hoodie-4-14-years_R01393811/,R01393811
813,/cat/stone-island-classic-patch-logo-cotton-jumper-4-14-years_R00062669/,R00062669
814,/cat/paco-rabanne-sparkle-embellished-rubber-pool-sliders_R03717860/,R03717860
815,/cat/jw-anderson-chain-embellished-leather-loafers_R03688772/,R03688772
816,/cat/valentino-garavani-oversized-rockstud-leather-mules_R03731114/,R03731114
817,/cat/fendi-logo-embossed-leather-espadrilles_R03657223/,R03657223
818,/cat/gucci-gucci-x-ken-scott-princetown-floral-print-faux-leather-slippers_R03753045/,R03753045
819,/cat/bottega-veneta-the-band-crossover-strap-leather-sandals_R03731752/,R03731752
820,/cat/manolo-blahnik-taxepa-slingback-leather-flats_R03713410/,R03713410
821,/cat/valentino-garavani-oversized-rockstud-pointed-toe-leather-mules_R03743848/,R03743848
822,/cat/chloe-lauren-branded-leather-and-cotton-espadrille-sandals_R03755841/,R03755841
823,/cat/amina-muaddi-lupita-leopard-print-satin-heeled-mules_R03685879/,R03685879
824,/cat/jimmy-choo-thyra-100-jewel-embellished-suede-heeled-sandals_R00077099/,R00077099
825,/cat/amina-muaddi-jah-jah-crystal-embellished-leather-heeled-sandals_R03685888/,R03685888
826,/cat/jimmy-choo-breslin-100-faux-pearl-embellished-suede-slingbacks_R03716292/,R03716292
827,/cat/bottega-veneta-bv-line-leather-heeled-sandals_R03654448/,R03654448
828,/cat/valentino-garavani-oversized-rockstud-leather-heeled-mules_R03743839/,R03743839
829,/cat/amina-muaddi-lupita-heeled-metallic-leather-sandals_R03685881/,R03685881
830,/cat/cariuma-ladies-oca-low-lace-up-canvas-trainers_R03664657/,R03664657
831,/cat/veja-womens-campo-chromefree-leather-low-top-trainers_R00071353/,R00071353
832,/cat/veja-womens-rio-branco-mesh-and-leather-trainers_R03662511/,R03662511
833,/cat/viron-1968-abstract-print-recycled-canvas-low-top-trainers_R03756334/,R03756334
834,/cat/veja-womens-v10-embroidered-leather-and-mesh-trainers_R00071362/,R00071362
835,/cat/cariuma-ladies-oca-low-lace-up-canvas-trainers_R03664654/,R03664654
836,/cat/cariuma-ladies-ibi-low-bamboo-knit-and-recycled-polyester-trainers_R03664642/,R03664642
837,/cat/cariuma-ladies-oca-low-lace-up-canvas-trainers_R03664655/,R03664655
838,/cat/gia-couture-gia-couture-x-pernille-teisbaek-tubular-leather-combat-boots_R03738763/,R03738763
839,/cat/bottega-veneta-the-bounce-chunky-sole-leather-boots_R03731757/,R03731757
840,/cat/grenson-nanette-vegan-leather-hiking-boots_R03729281/,R03729281
841,/cat/gia-couture-gia-couture-x-pernille-teisbaek-tubular-leather-combat-boots_R03738762/,R03738762
842,/cat/alexander-mcqueen-tread-slick-ombre-cotton-canvas-ankle-boots_R03753049/,R03753049
843,/cat/viron-1992-apple-leather-ankle-boots_R03756337/,R03756337
844,/cat/alexander-mcqueen-tread-slick-woven-ankle-boots_R03730644/,R03730644
845,/cat/jacquemus-les-tatanes-lin-leather-platform-flip-flops_R03732307/,R03732307
846,/cat/jacquemus-les-tatanes-lin-platform-leather-flip-flops_R03732308/,R03732308
847,/cat/alexander-mcqueen-hybrid-double-buckle-leather-sandals_R03753495/,R03753495
848,/cat/by-far-jack-kitten-heel-leather-sandals_R00101097/,R00101097
849,/cat/neous-cher-leather-flatform-sandals_R03722595/,R03722595
850,/cat/fendi-logo-printed-heeled-woven-sandals_R03657234/,R03657234
851,/cat/kurt-geiger-london-orson-quilted-woven-sandals_R03700131/,R03700131
852,/cat/chloe-scallop-leather-mules_R03749390/,R03749390
853,/cat/neous-borealise-sling-back-heeled-leather-sandals_R03722593/,R03722593
854,/cat/dion-lee-float-ribbed-stretch-jersey-midi-dress_R03693453/,R03693453
855,/cat/dion-lee-float-ribbed-high-rise-stretch-jersey-shorts_R03693454/,R03693454
856,/cat/jacquemus-le-polo-cache-coeur-cropped-knitted-top_R03721156/,R03721156
857,/cat/attico-high-waisted-stretch-wool-mini-skirt_R03706597/,R03706597
858,/cat/bottega-veneta-telephone-wire-enamelled-sterling-silver-hoop-earrings_R03699783/,R03699783
859,/cat/attico-margot-stretch-crepe-mini-dress_R03706594/,R03706594
860,/cat/missoma-plain-claw-18ct-gold-plated-sterling-silver-vermeil-hoop-earrings_R03713368/,R03713368
861,/cat/versace-printed-wrap-around-silk-shirt_R03702459/,R03702459
862,/cat/bottega-veneta-jodie-intrecciato-mini-leather-shoulder-bag_R03699726/,R03699726
863,/cat/dion-lee-hook-cotton-blend-corset_R03693441/,R03693441
864,/cat/paco-rabanne-chunky-chain-silver-and-gold-tone-earrings_R03701869/,R03701869
865,/cat/galvan-julianne-wide-leg-high-rise-satin-trousers_R03736891/,R03736891
866,/cat/vivienne-westwood-alcoholic-padded-shoulder-wool-blazer_R03702593/,R03702593
867,/cat/maison-margiela-single-breasted-cotton-blend-trench-coat_R03706759/,R03706759
868,/cat/dion-lee-holster-ribbed-cotton-jersey-top_R03693457/,R03693457
869,/cat/bevza-skinny-high-rise-stretch-knit-leggings_R03732354/,R03732354
870,/cat/bevza-braided-satin-hair-tie_R03732345/,R03732345
871,/cat/missoma-ridged-claw-18-ct-gold-plated-vermeil-sterling-silver-earrings_R03698686/,R03698686
872,/cat/nanushka-heidi-cut-out-stretch-velvet-body_R03704119/,R03704119
873,/cat/maison-margiela-snatched-top-handle-bag_R03712229/,R03712229
874,/cat/rave-review-upcycled-striped-upcycled-wool-jacket_R03717185/,R03717185
875,/cat/1-off-upcycled-brand-patch-cotton-and-denim-trench-coat_R03713391/,R03713391
876,/cat/jacquemus-les-sandales-novio-leather-platform-sandals_R03732305/,R03732305
877,/cat/jw-anderson-draped-scoop-neck-cotton-jersey-t-shirt_R03705682/,R03705682
878,/cat/pleats-please-issey-miyake-pleated-long-sleeve-woven-top_R03692698/,R03692698
879,/cat/the-line-by-k-leomie-crinkle-textured-woven-shirt_R03703216/,R03703216
880,/cat/bevza-braided-linen-hair-tie_R03732344/,R03732344
881,/cat/amina-muaddi-gilda-crystal-embellished-satin-mini-bag_R03685524/,R03685524
882,/cat/nanushka-evan-padded-shoulder-vegan-leather-blazer_R03704142/,R03704142
883,/cat/issey-miyake-graphic-print-pleated-woven-top_R03684168/,R03684168
884,/cat/bottega-veneta-the-chain-pouch-medium-leather-clutch-bag_R03699674/,R03699674
885,/cat/frankie-shop-yoyo-faux-leather-shirt_R03648445/,R03648445
886,/cat/edas-yshaia-mini-leather-shoulder-bag_R03699572/,R03699572
887,/cat/loewe-pleated-wide-leg-high-rise-cotton-trousers_R03691035/,R03691035
888,/cat/prada-logo-embroidered-mohair-blend-vest_R03718483/,R03718483
889,/cat/jacquemus-la-robe-terraio-cut-out-cotton-blend-mini-dress_R03721144/,R03721144
890,/cat/amina-muaddi-amina-muaddi-x-awge-pheonix-leather-slingback-courts_R03724827/,R03724827
891,/cat/balmain-double-breasted-woven-jacket_R03704415/,R03704415
892,/cat/off-white-c-o-virgil-abloh-high-rise-logo-print-stretch-twill-shorts_R03723319/,R03723319
893,/cat/by-far-mini-rachel-crocodile-embossed-deadstock-leather-shoulder-bag_R00068714/,R00068714
894,/cat/otiumberg-graduated-recycled-14ct-yellow-gold-plated-vermeil-hoop-earrings_R00030616/,R00030616
895,/cat/moreau-paris-celestin-small-jacquard-tote-bag_R03629840/,R03629840
896,/cat/monies-sarajevo-acrylic-and-leather-necklace_R03639563/,R03639563
897,/cat/bottega-veneta-the-chain-pouch-leather-clutch-bag_R00099348/,R00099348
898,/cat/candice-cuoco-floral-print-satin-face-covering_R03644165/,R03644165
899,/cat/medea-tall-busted-leather-tote-bag_R03644203/,R03644203
900,/cat/marine-serre-seaskin-logo-print-mid-rise-stretch-recycled-polyamide-shorts_R03677893/,R03677893
901,/cat/marine-serre-moon-lozenge-print-cotton-blend-blazer_R03677883/,R03677883
902,/cat/marine-serre-brand-print-asymmetric-panel-stretch-woven-midi-dress_R03665226/,R03665226
903,/cat/marine-serre-moon-print-stretch-woven-midi-dress_R03677885/,R03677885
904,/cat/marine-serre-ruched-stretch-woven-hoody_R03677897/,R03677897
905,/cat/marine-serre-seaskin-moon-print-stretch-woven-top_R03677895/,R03677895
906,/cat/marine-serre-moon-print-straight-high-rise-upcycled-denim-jeans_R03677888/,R03677888
907,/cat/marine-serre-moon-print-stretch-recycled-polyamide-swimsuit_R03677903/,R03677903
908,/cat/marine-serre-moon-print-recycled-polyamide-face-covering_R03677907/,R03677907
909,/cat/marine-serre-moon-print-upcycled-denim-jacket_R03677887/,R03677887
910,/cat/marine-serre-moon-print-recycled-denim-top_R03677898/,R03677898
911,/cat/marine-serre-frayed-hem-knitted-and-recycled-polyamide-top_R03677899/,R03677899
912,/cat/marine-serre-moon-print-upcycled-denim-mini-skirt_R03677892/,R03677892
913,/cat/marine-serre-moon-lozenge-print-stretch-woven-jumpsuit_R03677890/,R03677890
914,/cat/amina-muaddi-iman-leather-thigh-high-boots_R03685886/,R03685886
915,/cat/marine-serre-moon-lozenge-cotton-blend-midi-dress_R03677886/,R03677886
916,/cat/marine-serre-moon-print-elbow-length-stretch-woven-gloves_R03677904/,R03677904
917,/cat/marine-serre-moon-print-mid-rise-stretch-recycled-polyamide-leggings_R03677889/,R03677889
918,/cat/marine-serre-brand-print-reflective-stretch-shell-top_R03665222/,R03665222
919,/cat/marine-serre-moon-print-fitted-sleeveless-stretch-jersey-top_R03677900/,R03677900
920,/cat/gentle-monster-gentle-monster-x-marine-serre-visionizer-ii-acetate-goggle-sunglasses_R03751567/,R03751567
921,/cat/gentle-monster-gentle-monster-x-marine-serre-visionizer-i-02-nylon-and-metal-goggle-sunglasses_R03751565/,R03751565
922,/cat/gentle-monster-gentle-monster-x-marine-serre-visionizer-i-r1-nylon-and-metal-goggle-sunglasses_R03751566/,R03751566
923,/cat/gentle-monster-gentle-monster-x-marine-serre-visionizer-ii-acetate-goggle-sunglasses_R03751569/,R03751569
924,,R00136483
925,/cat/sonos-five-home-speaker_R03637281/,R03637281
926,/cat/aerosystem-aeroframe-hd1-wireless-speaker_R00112773/,R00112773
927,/cat/byredo-corporate-colours-eyeshadow-5-colours-palette-6g_R03697834/,R03697834
928,/cat/givenchy-g-chain-medium-gold-toned-brass-hoop-earrings_R03743346/,R03743346
929,/cat/loewe-loewe-x-joe-brainard-pansies-floral-print-woven-bum-bag_R03772283/,R03772283
930,/cat/hourglass-curator-five-pan-eyeshadow-palette-5g_R03803654/,R03803654
931,/cat/attico-atena-metallic-strap-leather-sandals_R03781038/,R03781038
932,/cat/valentino-garavani-rockstud-spike-medium-leather-shoulder-bag_R03775623/,R03775623
933,/cat/mach-mach-double-bow-crystal-embellished-pvc-heeled-sandals_R03755847/,R03755847
934,/cat/lancome-labsolu-rouge-qixi-limited-edition-matte-lipstick-34g_R03796802/,R03796802
935,/cat/alexander-mcqueen-frilled-stretch-woven-mini-dress_R03762137/,R03762137
936,/cat/pangaia-text-print-organic-cotton-t-shirt_R03752089/,R03752089
937,/cat/ganni-chunky-recycled-rubber-sandals_R03759212/,R03759212
938,/cat/gucci-gg-pattern-drawstring-waistband-swim-shorts_R03770044/,R03770044
939,/cat/stussy-approach-zip-up-shell-gilet_R03793800/,R03793800
940,/cat/zimmermann-mae-tropical-print-high-rise-linen-shorts_R03767037/,R03767037
941,/cat/olivia-morris-at-home-daphne-bow-embellished-velvet-slippers_R03793174/,R03793174
942,/cat/mki-miyuki-zoku-varsity-brand-print-organic-cotton-blend-shorts_R03792627/,R03792627
943,/cat/skims-cozy-boucle-knitted-robe_R03760218/,R03760218
944,/cat/stussy-venus-print-woven-shirt_R01544111/,R01544111
945,/cat/a-bathing-ape-flame-slim-fit-cotton-shirt_R00101500/,R00101500
946,/cat/palm-angels-canyan-print-cotton-bowling-shirt_R03626219/,R03626219
947,/cat/acne-studios-salak-plaid-cotton-shirt_R03297011/,R03297011
948,/cat/gucci-logo-print-silk-shirt_R00121707/,R00121707
949,/cat/comme-des-garcons-comme-des-garcons-x-nike-air-max-95-textile-trainers_R00113089/,R00113089
950,,R03643628
951,/cat/any_R00009544/,R00009544
952,/cat/eleventy-single-breasted-regular-fit-wool-blazer_R03627056/,R03627056
953,/cat/eleventy-slim-fit-cotton-blend-trousers_R03627061/,R03627061
954,/cat/prevu-mid-rise-tapered-woven-trousers_R03640715/,R03640715
955,/cat/prevu-aruba-logo-patch-jersey-t-shirt_R03640714/,R03640714
956,/cat/prevu-caspian-zigzag-knitted-parka_R03091211/,R03091211
957,/cat/prevu-caspian-zigzag-knitted-jersey-jogging-bottoms_R03092111/,R03092111
958,/cat/prevu-zipped-cotton-polo-shirt_R03640693/,R03640693
959,/cat/prevu-signature-cotton-jersey-shorts_R03640694/,R03640694
960,/cat/prevu-naxos-linen-and-cotton-blend-shirt_R03640720/,R03640720
961,/cat/prevu-naxos-linen-and-cotton-blend-shorts_R03640721/,R03640721
962,/cat/oscar-jacobson-erik-single-breasted-stretch-cotton-blazer_R03632044/,R03632044
963,/cat/oscar-jacobson-marvin-cotton-knit-polo-shirt_R03631715/,R03631715
964,/cat/eleventy-mid-rise-tapered-wool-jogging-bottoms_R00105297/,R00105297
965,/cat/oscar-jacobson-malcolm-cotton-knit-polo-shirt_R03631716/,R03631716
966,/cat/oscar-jacobson-kyran-stretch-cotton-t-shirt_R00083134/,R00083134
967,/cat/sunspel-relaxed-fit-cotton-towelling-shorts_R03629475/,R03629475
968,/cat/prevu-signature-woven-parka-jacket_R03640706/,R03640706
969,/cat/prevu-salvatore-slim-fit-woven-jogging-bottoms_R03640698/,R03640698
970,/cat/emporio-armani-graphic-print-cotton-jersey-t-shirt_R02457311/,R02457311
971,/cat/salvatore-ferragamo-gianco-link-print-silk-pocket-square_R03525011/,R03525011
972,/cat/prevu-wool-fedora-hat_R03643275/,R03643275
973,/cat/p-e-nation-side-runner-high-rise-stretch-jersey-leggings_R03637363/,R03637363
974,/cat/koral-lustrous-high-rise-stretch-jersey-leggings_R02134811/,R02134811
975,/cat/nike-space-hippie-4-recycled-yarn-trainers_R03639637/,R03639637
976,/cat/nike-vapormax-2020-flyknit-woven-trainers_R03654932/,R03654932
977,/cat/nike-air-vapormax-360-stretch-knit-trainers_R00120405/,R00120405
978,/cat/nike-zoom-type-suede-and-leather-low-top-trainers_R00128608/,R00128608
979,,R00109200
980,/cat/nike-zoom-type-suede-and-leather-trainers_R00128607/,R00128607
981,/cat/materiel-asymmetric-faux-leather-midi-dress_R02250611/,R02250611
982,/cat/ganni-polka-dot-recycled-polyester-midi-dress_R03626543/,R03626543
983,,R00132970
984,/cat/cecilie-bahnsen-maren-tiered-skirt-cotton-midi-dress_R03628592/,R03628592
985,/cat/vesture-draped-silk-blend-maxi-dress_R03653402/,R03653402
986,/cat/danse-lente-lola-leather-tote-bag_R01448711/,R01448711
987,/cat/studio-amelia-1-0-maxi-drawstring-leather-bag_R03632916/,R03632916
988,/cat/susan-fang-bubble-net-beaded-shoulder-bag_R00123327/,R00123327
989,/cat/roop-furoshiki-satin-bag_R03639219/,R03639219
990,/cat/by-far-miranda-crocodile-embossed-deadstock-leather-shoulder-bag_R00068707/,R00068707
991,/cat/by-far-rachel-lizard-embossed-deadstock-leather-shoulder-bag_R00068711/,R00068711
992,/cat/the-kooples-chunky-soled-glossy-leather-lace-up-boots_R03624624/,R03624624
993,/cat/maje-furry-lace-up-leather-boots_R03630858/,R03630858
994,/cat/fendi-ff-embossed-leather-ankle-boots_R03657232/,R03657232
995,/cat/bottega-veneta-the-pouch-small-intrecciato-leather-clutch_R03657953/,R03657953
996,/cat/resellfridges-pre-loved-gucci-logo-embellished-coated-canvas-shoulder-bag_R03673825/,R03673825
997,/cat/valentino-garavani-atelier-logo-print-canvas-tote-bag_R03662737/,R03662737
998,/cat/stand-wanda-padded-faux-leather-clutch_R03664520/,R03664520
999,/cat/chloe-c-toaster-croc-embossed-mini-leather-shoulder-bag_R03661544/,R03661544
1000,/cat/prada-leather-and-recycled-nylon-shoulder-bag_R03661443/,R03661443